,infl_e,rate,sp500,corp_debt,deflator,unempl,gdp,rpi,dpi,manufacturing,splong
1990-01-01,4.1,8.229032258064516,,444.72818181818184,4.4,6.0,5872.701,8170.022,7187.4,3.3,339.9718184037642
1990-02-01,4.1,8.237142857142858,,442.4673684210526,4.466666666666667,5.9,5901.81,8195.397,7203.3,3.1916666666666664,330.45263511256167
1990-03-01,3.7,8.276774193548386,,443.52521739130435,4.533333333333333,5.5,5930.919,8203.337,7206.1,3.083333333333333,338.46500049937856
1990-04-01,3.6,8.255,,443.44350000000003,4.6,5.3,5960.028,8255.647,7253.4,2.9749999999999996,338.1779983520508
1990-05-01,3.4,8.176451612903225,,446.9168181818182,4.233333333333333,5.2,5978.390666666667,8246.75,7245.8,2.8666666666666667,350.2500013871626
1990-06-01,3.8,8.288666666666666,,456.72590909090906,3.8666666666666667,5.4,5996.753333333333,8260.44,7257.3,2.7583333333333333,360.3866664341518
1990-07-01,3.4,8.15258064516129,,460.4171428571429,3.5,5.6,6015.116,8288.531,7283.7,2.65,360.0309520903088
1990-08-01,4.6,8.134193548387097,,458.5278260869565,3.3333333333333335,5.5,6011.655,8236.691,7239.1,2.5416666666666665,330.7465196692425
1990-09-01,4.7,8.195,,458.3535,3.1666666666666665,5.6,6008.194,8233.907,7236.8,2.433333333333333,315.40684268349094
1990-10-01,4.8,8.112580645161291,,462.56391304347824,3.0,5.5,6004.733,8167.115,7178.7,2.325,307.1247850501019
1990-11-01,4.7,7.806666666666667,,469.93666666666667,3.3333333333333335,5.9,6014.881333333334,8168.212,7181.9,2.216666666666667,315.2909531366257
1990-12-01,4.7,7.312903225806451,,479.3005,3.6666666666666665,6.0,6025.029666666666,8210.825,7224.7,2.1083333333333334,328.74950256347654
1991-01-01,3.9,6.906451612903226,,482.9786363636364,4.0,7.1,6035.178,8157.383,7205.7,2.0,325.4854555996981
1991-02-01,3.4,6.2524999999999995,,493.1589473684211,3.6666666666666665,7.3,6065.739333333333,8164.096,7216.8,2.2416666666666667,362.2631578947368
1991-03-01,3.3,6.115161290322581,,493.5557142857143,3.3333333333333335,7.2,6096.300666666667,8176.58,7229.1,2.4833333333333334,372.2789993286133
1991-04-01,3.2,5.912333333333334,,502.33,3.0,6.5,6126.862,8208.244,7258.0,2.725,379.6786360307173
1991-05-01,3.1,5.782903225806452,,507.31045454545455,3.066666666666667,6.7,6153.220333333334,8209.444,7259.5,2.966666666666667,377.9922721169212
1991-06-01,3.3,5.899666666666667,,506.5919047619048,3.1333333333333333,7.0,6179.578666666666,8252.295,7296.7,3.2083333333333335,378.2929992675781
1991-07-01,3.1,5.820967741935483,,511.41727272727275,3.2,6.8,6205.937,8233.054,7282.0,3.45,380.2268177379261
1991-08-01,3.2,5.661290322580645,,525.5930434782608,2.9333333333333336,6.6,6225.471333333333,8248.575,7298.3,3.691666666666667,389.4031788219105
1991-09-01,3.0,5.447,,534.6285,2.6666666666666665,6.5,6245.005666666667,8273.586,7317.7,3.9333333333333336,387.19850006103513
1991-10-01,3.2,5.209677419354839,,541.0569565217392,2.4,6.5,6264.54,8284.054,7328.0,4.175000000000001,386.88347990616506
1991-11-01,2.9,4.811333333333334,,548.277619047619,2.1,6.7,6297.394,8296.928,7338.4,4.416666666666667,385.919499206543
1991-12-01,2.7,4.434193548387097,,559.4409523809524,1.7999999999999998,6.9,6330.248,8365.723,7403.6,4.658333333333333,388.5104762486049
1992-01-01,2.7,4.034193548387097,,564.73,1.5,8.1,6363.102,8405.155,7474.8,4.9,416.0749969482422
1992-02-01,2.6,4.057586206896552,,562.5525,1.8,8.2,6398.989,8444.994,7507.2,4.7,412.55579095137745
1992-03-01,2.6,3.983225806451613,,562.1995454545454,2.1,7.8,6434.876,8457.388,7513.8,4.5,407.3645449551669
1992-04-01,3.0,3.734666666666667,,569.4428571428571,2.4,7.2,6470.763,8487.783,7535.0,4.300000000000001,407.40714372907365
1992-05-01,2.9,3.823225806451613,,576.3961904761904,2.2666666666666666,7.3,6502.722333333333,8531.932,7570.2,4.1000000000000005,414.814501953125
1992-06-01,3.1,3.7626666666666666,,584.3277272727272,2.1333333333333333,8.0,6534.681666666666,8566.719,7601.6,3.9000000000000004,408.2745472301136
1992-07-01,2.7,3.253548387096774,,600.3068181818181,2.0,7.7,6566.641,8559.118,7595.9,3.7,415.0513638583097
1992-08-01,2.8,3.303225806451613,,610.1528571428572,2.2666666666666666,7.4,6604.695,8591.676,7622.6,3.5,417.9271429152716
1992-09-01,3.0,3.219666666666667,,617.547619047619,2.533333333333333,7.3,6642.749,8558.368,7586.9,3.3,418.4771423339844
1992-10-01,2.8,3.099032258064516,,613.8839130434783,2.8,6.9,6680.803,8515.933,7537.9,3.1,412.5027285489169
1992-11-01,2.9,3.0876666666666663,,610.038,2.6333333333333333,7.1,6697.0216666666665,8534.33,7549.3,2.9,422.8439971923828
1992-12-01,2.8,2.919677419354839,,616.670909090909,2.4666666666666663,7.1,6713.240333333333,8845.712,7818.6,2.6999999999999997,435.6395457874645
1993-01-01,2.9,3.024193548387097,,626.3285714285714,2.3,8.0,6729.459,8602.353,7648.1,2.5,435.22899932861327
1993-02-01,3.2,3.027142857142857,,639.6335,2.333333333333333,7.8,6755.952333333334,8642.143,7684.5,2.5416666666666665,441.70368074115953
1993-03-01,3.1,3.074193548387097,,652.0647826086956,2.3666666666666667,7.4,6782.4456666666665,8619.726,7660.8,2.5833333333333335,450.15521638289744
1993-04-01,3.0,2.957666666666667,,656.734761904762,2.4,6.9,6808.939,8684.645,7700.6,2.625,443.0776207333519
1993-05-01,2.9,2.9961290322580645,,658.6719047619048,2.4,6.8,6833.325333333333,8682.682,7689.4,2.6666666666666665,445.24649810791016
1993-06-01,3.5,3.038,,665.3068181818181,2.4,7.2,6857.711666666667,8671.95,7675.1,2.7083333333333335,448.0595439564098
1993-07-01,3.0,3.055483870967742,,675.1540909090909,2.4,7.0,6882.098,8699.937,7694.3,2.75,447.28618803478423
1993-08-01,3.2,3.032258064516129,,685.4695454545455,2.3333333333333335,6.6,6925.978,8718.737,7705.4,2.7916666666666665,454.1277285489169
1993-09-01,3.0,3.0863333333333336,,699.8457142857143,2.2666666666666666,6.4,6969.858,8699.123,7684.4,2.8333333333333335,459.23523385184154
1993-10-01,3.3,2.9925806451612904,,703.4422727272727,2.2,6.4,7013.738,8662.656,7646.9,2.875,463.8999968029204
1993-11-01,2.8,3.0180000000000002,,694.1571428571428,2.1,6.2,7047.709333333333,8684.88,7668.1,2.9166666666666665,462.8904753185454
1993-12-01,3.0,2.9551612903225806,,697.5877272727273,2.0,6.1,7081.680666666667,8986.914,7929.4,2.9583333333333335,465.94545676491475
1994-01-01,2.8,3.0506451612903227,,703.3209523809523,1.9,7.3,7115.652,8808.902,7780.4,3.0,472.9928574335007
1994-02-01,2.8,3.245,,699.8863157894737,1.9,7.1,7159.411666666667,8817.405,7795.0,3.0583333333333336,471.5799994217722
1994-03-01,3.0,3.335806451612903,,684.6513043478261,1.9,6.8,7203.171333333333,8840.918,7820.5,3.1166666666666667,463.8078268299932
1994-04-01,3.0,3.555,,670.2305,1.9,6.2,7246.931,8923.036,7820.4,3.175,447.2321070620888
1994-05-01,3.1,4.010967741935484,,666.1233333333333,2.033333333333333,5.9,7274.978999999999,8941.155,7910.6,3.2333333333333334,450.89857264927457
1994-06-01,2.7,4.245666666666667,,672.6818181818181,2.1666666666666665,6.2,7303.027,8929.074,7898.1,3.291666666666667,454.825908314098
1994-07-01,2.9,4.256129032258064,,671.0871428571429,2.3,6.2,7331.075,8944.497,7905.0,3.35,451.40099945068357
1994-08-01,3.1,4.474516129032258,,677.4021739130435,2.2666666666666666,5.9,7372.479333333333,8957.46,7914.4,3.408333333333333,464.2430459727412
1994-09-01,3.4,4.733666666666666,,673.7871428571428,2.2333333333333334,5.6,7413.883666666667,8996.696,7949.0,3.466666666666667,466.9580920991443
1994-10-01,3.0,4.76,,668.4871428571429,2.2,5.4,7455.288,9076.95,8024.4,3.5250000000000004,463.81380934942337
1994-11-01,3.2,5.294666666666667,,665.1990476190476,2.2,5.3,7477.621666666666,9074.779,8023.9,3.5833333333333335,461.0152398972284
1994-12-01,3.0,5.453225806451614,,673.3418181818182,2.2,5.1,7499.955333333333,9117.741,8060.2,3.6416666666666666,455.1866643996466
1995-01-01,3.0,5.52741935483871,,678.8142857142857,2.2,6.2,7522.289,9159.706,8086.0,3.7,465.25
1995-02-01,3.0,5.915357142857142,,694.3973684210526,2.1,5.9,7541.858333333334,9180.168,8102.0,3.725,481.92473722759047
1995-03-01,3.2,5.976451612903226,,709.2482608695652,2.0,5.7,7561.4276666666665,9203.415,8124.2,3.75,493.1530469811481
1995-04-01,3.3,6.047333333333333,,720.167,1.9,5.6,7580.997,9214.181,8064.0,3.7750000000000004,507.9057906301398
1995-05-01,3.0,6.009032258064516,,742.5831818181819,1.9333333333333333,5.5,7615.039666666667,9221.249,8145.6,3.8000000000000003,523.8136402476918
1995-06-01,2.9,6.001333333333333,,764.0472727272728,1.9666666666666666,5.8,7649.082333333334,9255.248,8169.8,3.825,539.3540843616832
1995-07-01,2.9,5.851935483870967,,764.0385,2.0,5.9,7683.125,9286.334,8187.8,3.85,557.3664978027343
1995-08-01,2.9,5.735161290322581,,760.4778260869566,1.9666666666666666,5.6,7712.945333333333,9299.788,8193.0,3.875,559.1100012737771
1995-09-01,2.8,5.804666666666666,,777.1161904761905,1.9333333333333333,5.4,7742.765666666667,9335.583,8219.4,3.9,578.765493774414
1995-10-01,2.9,5.756129032258064,,788.8113636363636,1.9,5.2,7772.586,9349.228,8228.4,3.925,582.9181823730469
1995-11-01,2.8,5.803,,797.6161904761905,1.9,5.3,7804.546666666667,9379.567,8250.5,3.95,595.5323806036087
1995-12-01,2.7,5.601935483870967,,811.757142857143,1.9,5.2,7836.507333333333,9396.526,8261.3,3.975,614.5709991455078
1996-01-01,2.8,5.564838709677419,,818.8818181818183,1.9,6.3,7868.468,9428.309,8272.1,4.0,614.4200051047585
1996-02-01,2.8,5.224482758620689,,816.8100000000001,1.8333333333333333,6.0,7923.258666666667,9506.777,8335.8,4.066666666666666,649.5420043945312
1996-03-01,2.9,5.314193548387097,,800.6531818181818,1.7666666666666666,5.8,7978.049333333333,9539.993,8362.4,4.133333333333333,647.0747593470982
1996-04-01,3.0,5.223666666666667,,794.7595454545454,1.7,5.4,8032.84,9565.104,8311.8,4.2,647.1728544689361
1996-05-01,3.1,5.235161290322581,,792.7490909090909,1.5666666666666667,5.4,8065.696,9606.394,8416.8,4.266666666666667,661.2304548783736
1996-06-01,2.9,5.2733333333333325,,791.8971428571429,1.4333333333333333,5.5,8098.552000000001,9670.238,8467.1,4.333333333333333,668.4989929199219
1996-07-01,3.0,5.396451612903226,,798.9481818181819,1.3,5.6,8131.408,9650.331,8444.0,4.4,644.0704539905895
1996-08-01,3.1,5.222903225806451,,813.6265217391305,1.6,5.1,8174.195666666667,9681.266,8464.7,4.466666666666667,662.6822787198154
1996-09-01,3.2,5.299,,809.8845,1.9000000000000001,5.0,8216.983333333334,9708.672,8483.9,4.533333333333333,674.885498046875
1996-10-01,3.0,5.2380645161290325,,829.2952173913044,2.2,4.9,8259.771,9710.076,8482.7,4.6,701.4556539784307
1996-11-01,3.0,5.311000000000001,,850.3595238095238,2.2666666666666666,5.0,8294.065666666667,9741.024,8505.1,4.666666666666666,735.6690063476562
1996-12-01,3.0,5.2945161290322575,,850.4671428571429,2.3333333333333335,5.0,8328.360333333334,9778.588,8533.1,4.733333333333333,743.249040876116
1997-01-01,3.0,5.2545161290322575,,843.2759090909091,2.4,5.9,8362.655,9834.79,8556.4,4.8,766.216816295277
1997-02-01,3.0,5.185714285714285,,856.1121052631579,1.8666666666666667,5.7,8414.711666666668,9865.668,8579.2,4.766666666666667,798.3842163085938
1997-03-01,2.8,5.386129032258064,,847.5865,1.3333333333333333,5.5,8466.768333333333,9912.112,8619.0,4.733333333333333,792.1555023193359
1997-04-01,3.0,5.507333333333333,,843.4654545454546,0.8,4.8,8518.825,9919.423,8624.5,4.7,763.9281865900213
1997-05-01,2.9,5.5041935483870965,,857.6713636363637,1.1333333333333333,4.7,8566.824333333334,9964.583,8661.9,4.666666666666667,833.0914306640625
1997-06-01,2.8,5.555666666666666,,873.1652380952381,1.4666666666666668,5.2,8614.823666666667,10000.824,8689.7,4.633333333333334,876.2861909412202
1997-07-01,2.7,5.521290322580645,,893.3854545454545,1.8,5.0,8662.823,10045.882,8723.1,4.6,925.2945445667614
1997-08-01,2.7,5.542258064516129,,893.8245454545454,1.6333333333333333,4.8,8697.184333333333,10105.556,8768.6,4.566666666666666,927.7357119605655
1997-09-01,2.8,5.540666666666667,,903.1066666666668,1.4666666666666668,4.7,8731.545666666667,10136.11,8791.5,4.533333333333333,937.0242861793155
1997-10-01,2.8,5.4961290322580645,,916.2891304347827,1.3,4.4,8765.907,10189.34,8834.8,4.5,951.1595618206521
1997-11-01,2.9,5.5216666666666665,,922.9271428571429,1.0666666666666667,4.3,8799.431333333332,10262.137,8892.2,4.466666666666667,938.9236899928043
1997-12-01,2.8,5.504838709677419,,930.9599999999999,0.8333333333333333,4.4,8832.955666666667,10325.103,8944.3,4.433333333333334,962.3654563210227
1998-01-01,2.3,5.55741935483871,,947.6168181818182,0.6,5.2,8866.48,10417.404,9022.9,4.4,963.3590026855469
1998-02-01,2.4,5.505714285714285,,946.9109523809524,0.7,5.0,8900.886333333334,10490.223,9081.2,4.525,1023.7421136153372
1998-03-01,2.5,5.493548387096775,,948.4981818181818,0.8,5.0,8935.292666666666,10555.838,9134.4,4.65,1076.8277310458097
1998-04-01,2.4,5.445333333333334,,955.5276190476189,0.9,4.1,8969.699,10595.962,9164.1,4.775,1112.1961960565477
1998-05-01,2.6,5.488709677419355,,960.6636363636363,1.1666666666666667,4.2,9020.165,10645.347,9202.0,4.9,1108.4169982910157
1998-06-01,2.7,5.558666666666666,,973.5368181818183,1.4333333333333333,4.7,9070.631,10707.166,9254.2,5.025,1108.389531915838
1998-07-01,2.6,5.5358064516129035,,977.85,1.7,4.7,9121.097,10726.5,9270.0,5.15,1156.5772705078125
1998-08-01,2.4,5.546774193548386,,984.4795238095238,1.5,4.5,9178.728333333333,10767.064,9299.3,5.275,1074.6204717726935
1998-09-01,2.3,5.511666666666667,,990.3086363636364,1.3,4.4,9236.359666666667,10803.967,9325.5,5.4,1020.6400001162574
1998-10-01,2.5,5.070967741935483,,1000.6334782608695,1.1,4.2,9293.991,10823.508,9337.5,5.525,1032.470009543679
1998-11-01,2.3,4.826,,991.2385714285714,1.1666666666666667,4.1,9333.221333333333,10874.887,9374.6,5.65,1144.4334838867187
1998-12-01,2.5,4.683548387096774,,1015.8072727272727,1.2333333333333334,4.0,9372.451666666668,10900.473,9391.7,5.775,1190.0509033203125
1999-01-01,2.7,4.6325806451612905,,1018.6085714285714,1.3,4.8,9411.682,10942.984,9444.1,5.9,1248.7747353001644
1999-02-01,2.5,4.764642857142857,,1010.4661904761905,1.3666666666666667,4.7,9449.858,10988.184,9476.2,5.7,1246.5821147717927
1999-03-01,2.7,4.809354838709678,,1008.2304347826087,1.4333333333333333,4.4,9488.034,11000.779,9484.1,5.5,1281.663913892663
1999-04-01,2.7,4.7363333333333335,,1018.585909090909,1.5,4.1,9526.21,10969.064,9453.0,5.300000000000001,1334.7566615513392
1999-05-01,2.8,4.742258064516129,,1005.6642857142857,1.4666666666666666,4.0,9579.681999999999,10994.059,9469.3,5.1000000000000005,1332.0740112304688
1999-06-01,2.5,4.764666666666667,,988.2118181818182,1.4333333333333333,4.5,9633.154,11033.786,9501.3,4.9,1322.552734375
1999-07-01,2.7,4.994193548387097,,997.0808695652174,1.4,4.5,9686.626,11061.061,9519.0,4.7,1380.990001860119
1999-08-01,2.8,5.072258064516129,,987.9795454545455,1.6666666666666667,4.2,9757.807,11111.719,9559.1,4.5,1327.488653009588
1999-09-01,2.7,5.224333333333333,,992.3531818181818,1.9333333333333336,4.1,9828.988,11105.537,9546.7,4.3,1318.1719040643602
1999-10-01,2.9,5.199999999999999,,989.9172727272727,2.2,3.8,9900.169,11171.257,9598.7,4.1,1300.010009765625
1999-11-01,2.9,5.42,,1004.3527272727272,2.3666666666666667,3.8,9934.172333333334,11247.83,9660.9,3.9,1391.0028483072917
1999-12-01,3.0,5.295806451612902,,1001.3239130434783,2.5333333333333337,3.7,9968.175666666666,11339.82,9735.9,3.6999999999999997,1428.6840931285512
2000-01-01,3.0,5.448387096774193,,992.5595238095239,2.7,4.5,10002.179,11441.669,9799.9,3.5,1425.5855041503905
2000-02-01,2.9,5.7348275862068965,,1002.3633333333333,2.6333333333333333,4.4,10084.026,11488.814,9837.9,3.3666666666666667,1388.8744995117188
2000-03-01,3.2,5.853548387096774,,1008.3256521739131,2.566666666666667,4.3,10165.873,11520.777,9864.0,3.2333333333333334,1442.212598717731
2000-04-01,3.2,6.019666666666667,,1014.2940000000001,2.5,3.7,10247.72,11582.719,9913.7,3.1,1461.3552567331415
2000-05-01,3.0,6.268064516129033,,990.6047826086957,2.466666666666667,3.8,10271.201666666666,11624.34,9954.5,2.966666666666667,1418.4795476740057
2000-06-01,2.9,6.528333333333333,,1012.085909090909,2.433333333333333,4.1,10294.683333333334,11657.461,9982.3,2.8333333333333335,1461.9590897993608
2000-07-01,3.0,6.5445161290322575,,1026.317142857143,2.4,4.2,10318.165,11719.57,10035.9,2.7,1473.0024963378905
2000-08-01,2.7,6.496774193548387,,1041.294347826087,2.3333333333333335,4.1,10357.358,11783.694,10098.3,2.5666666666666664,1485.45825726053
2000-09-01,2.9,6.5169999999999995,,1047.870909090909,2.2666666666666666,3.8,10396.551000000001,11794.536,10110.3,2.4333333333333336,1468.05400390625
2000-10-01,3.2,6.509354838709677,,1055.8277272727273,2.2,3.6,10435.744,11824.829,10139.2,2.3,1390.144092906605
2000-11-01,2.9,6.514333333333334,,1058.9131818181818,2.3666666666666667,3.7,10447.239666666666,11832.213,10143.5,2.166666666666667,1375.0376034691221
2000-12-01,2.8,6.402258064516129,,1081.674761904762,2.5333333333333337,3.7,10458.735333333334,11859.86,10164.3,2.033333333333333,1330.9294982910155
2001-01-01,3.0,5.975806451612903,,1102.2895454545453,2.7,4.7,10470.231,11932.006,10211.7,1.9,1335.6390555245537
2001-02-01,2.8,5.494285714285715,,1118.2795,2.6,4.6,10513.154,11960.086,10223.4,2.4666666666666663,1305.7515804893092
2001-03-01,2.8,5.3109677419354835,,1135.408260869565,2.5,4.5,10556.077,12003.752,10254.4,3.033333333333333,1185.850008877841
2001-04-01,3.1,4.8020000000000005,,1131.094,2.4,4.2,10599.0,11981.996,10233.1,3.5999999999999996,1189.8369995117187
2001-05-01,3.2,4.21225806451613,,1137.1752173913044,2.1333333333333333,4.1,10598.673333333334,11953.393,10214.7,4.166666666666666,1270.3686356977983
2001-06-01,3.0,3.969666666666667,,1153.9204545454545,1.8666666666666667,4.7,10598.346666666666,11940.34,10218.1,4.7333333333333325,1238.7104666573662
2001-07-01,2.6,3.769032258064516,,1163.4140909090909,1.6,4.7,10598.02,11940.991,10370.7,5.299999999999999,1204.4495210193452
2001-08-01,2.7,3.6525806451612906,,1184.341739130435,1.5,4.9,10618.835000000001,11924.877,10543.1,5.866666666666665,1178.5039274796195
2001-09-01,2.8,3.069,,1190.1766666666667,1.4000000000000001,4.7,10639.65,11930.997,10452.8,6.433333333333332,1044.643994140625
2001-10-01,1.0,2.485161290322581,,1204.9195652173914,1.3,5.0,10660.465,11904.934,10267.7,6.999999999999998,1076.5904381793478
2001-11-01,0.4,2.087,,1211.3545454545454,1.3,5.3,10701.476666666667,11910.073,10279.7,7.566666666666665,1129.6833321707588
2001-12-01,1.8,1.817741935483871,,1198.475,1.3,5.4,10742.488333333333,11929.854,10298.9,8.133333333333331,1144.9300109863282
2002-01-01,1.9,1.7296774193548385,,1213.2422727272728,1.3,6.3,10783.5,11952.127,10514.7,8.7,1140.2076241629463
2002-02-01,2.1,1.7396428571428573,,1215.0535,1.3333333333333333,6.1,10818.153333333334,11953.58,10531.6,8.516666666666666,1100.6689388877467
2002-03-01,2.7,1.73,,1202.9495238095237,1.3666666666666667,6.1,10852.806666666665,11946.054,10539.0,8.333333333333332,1153.7910034179688
2002-04-01,2.8,1.7530000000000001,,1212.8768181818182,1.4,5.7,10887.46,11960.946,10574.2,8.149999999999999,1112.034540349787
2002-05-01,2.7,1.751290322580645,,1215.5239130434782,1.5666666666666667,5.5,10919.653333333334,11993.987,10616.5,7.966666666666666,1079.2672784978693
2002-06-01,2.7,1.7503333333333333,,1235.7133333333334,1.7333333333333332,6.0,10951.846666666666,12023.36,10648.2,7.783333333333333,1014.0480072021485
2002-07-01,2.6,1.729032258064516,,1234.1665217391305,1.9,5.9,10984.04,11987.388,10621.0,7.6,903.5854575417259
2002-08-01,2.6,1.7432258064516128,,1246.7204347826087,2.033333333333333,5.7,11009.837666666668,11987.158,10623.0,7.416666666666666,912.5522738370029
2002-09-01,2.5,1.7506666666666668,,1276.5442857142857,2.1666666666666665,5.4,11035.635333333334,11994.021,10633.6,7.233333333333333,867.8120056152344
2002-10-01,2.5,1.7548387096774194,,1260.1660869565217,2.3,5.3,11061.433,12014.38,10661.8,7.05,854.6313078507134
2002-11-01,2.4,1.3359999999999999,,1285.5081818181818,2.1999999999999997,5.6,11098.998333333335,12040.567,10690.9,6.866666666666667,909.9270050048829
2002-12-01,2.5,1.2383870967741937,,1308.3842857142856,2.1,5.7,11136.563666666667,12067.267,10719.9,6.683333333333334,899.1785743350074
2003-01-01,2.5,1.2351612903225806,,1324.6790909090907,2.0,6.5,11174.129,12033.66,10710.4,6.5,895.8361903599331
2003-02-01,2.7,1.2621428571428572,,1343.7215,1.8,6.4,11220.341333333334,11991.075,10674.0,6.216666666666667,837.6189510947779
2003-03-01,3.1,1.2529032258064516,,1356.4885714285715,1.5999999999999999,6.2,11266.553666666667,12008.784,10696.5,5.933333333333334,846.6214250837054
2003-04-01,2.4,1.258,,1366.9966666666667,1.4,5.8,11312.766,12058.25,10752.7,5.65,890.0257132393973
2003-05-01,2.0,1.2590322580645161,,1416.0552173913043,1.7,5.8,11397.400333333333,12147.017,10832.0,5.366666666666667,935.9628528413318
2003-06-01,2.1,1.2226666666666666,,1440.8585714285714,2.0,6.5,11482.034666666666,12186.558,10860.6,5.083333333333334,987.9952392578125
2003-07-01,1.7,1.011290322580645,,1406.5139130434782,2.3,6.3,11566.669,12197.554,10991.1,4.8,992.5409102006392
2003-08-01,2.5,1.0290322580645161,,1374.831818181818,2.3666666666666667,6.0,11635.190666666667,12216.821,11066.7,4.516666666666667,989.5319097609747
2003-09-01,2.8,1.01,,1400.1004545454546,2.433333333333333,5.8,11703.712333333333,12234.634,10940.8,4.233333333333333,1019.441900344122
2003-10-01,2.6,1.01,,1411.0391304347827,2.5,5.6,11772.234,12281.469,10982.3,3.95,1038.7343431555707
2003-11-01,2.7,0.996,,1418.1704761904762,2.6333333333333333,5.6,11822.638333333334,12352.377,11048.4,3.666666666666667,1049.8989450555098
2003-12-01,2.6,0.9841935483870967,,1432.2381818181818,2.7666666666666666,5.4,11873.042666666666,12356.981,11057.2,3.3833333333333333,1080.6359197443182
2004-01-01,2.7,0.9970967741935484,,1453.8231818181819,2.9,6.3,11923.447,12332.995,11051.2,3.1,1132.5174987792968
2004-02-01,2.6,1.007241379310345,,1462.348095238095,3.033333333333333,6.0,11986.569666666666,12349.224,11071.0,3.2666666666666666,1143.3563232421875
2004-03-01,2.9,1.0016129032258065,,1485.4026086956524,3.1666666666666665,6.0,12049.692333333334,12393.884,11115.6,3.4333333333333336,1123.9782449473505
2004-04-01,3.2,1.004,,1452.0047619047618,3.3,5.4,12112.815,12433.863,11153.3,3.6,1133.0785725911458
2004-05-01,3.3,1.0045161290322582,,1423.6980952380952,3.0666666666666664,5.3,12176.979000000001,12499.431,11208.9,3.7666666666666666,1102.7815002441407
2004-06-01,3.3,1.0256666666666667,,1426.3177272727273,2.8333333333333335,5.8,12241.143,12511.921,11215.8,3.933333333333333,1132.7571556454614
2004-07-01,3.0,1.2635483870967743,,1450.4347826086957,2.6,5.7,12305.307,12556.147,11240.5,4.1,1105.846656436012
2004-08-01,2.8,1.4293548387096775,,1472.2077272727272,2.7666666666666666,5.4,12379.276,12606.222,11274.6,4.266666666666667,1088.9349920099432
2004-09-01,2.8,1.605,,1492.7245454545455,2.9333333333333336,5.1,12453.245,12621.706,11279.6,4.433333333333334,1117.6562034970239
2004-10-01,3.1,1.7609677419354839,,1502.9886363636363,3.1,5.1,12527.214,12628.422,11282.5,4.6,1118.0680977957588
2004-11-01,2.8,1.932,,1503.4550000000002,3.1333333333333333,5.2,12607.238,12595.005,11246.1,4.766666666666667,1168.9376220703125
2004-12-01,3.0,2.1561290322580646,,1511.5477272727273,3.166666666666667,5.1,12687.262,13020.595,11659.0,4.933333333333334,1199.2095447887075
2005-01-01,2.9,2.2793548387096774,,1519.2357142857143,3.2,5.7,12767.286,12665.162,11226.5,5.1,1181.4079956054688
2005-02-01,2.9,2.501785714285714,,1531.408,3.1,5.8,12819.076000000001,12674.095,11229.0,4.741666666666666,1199.6268439041942
2005-03-01,3.2,2.629032258064516,,1508.815,3.0,5.4,12870.866,12716.359,11268.8,4.383333333333333,1194.8977272727273
2005-04-01,3.3,2.7849999999999997,,1514.0686363636364,2.9,4.9,12922.656,12759.492,11304.2,4.0249999999999995,1164.4276123046875
2005-05-01,3.2,3.00258064516129,,1526.7672727272727,3.1666666666666665,4.9,12995.984666666667,12815.998,11352.7,3.666666666666666,1178.2757161458333
2005-06-01,3.2,3.0356666666666663,,1547.7077272727272,3.4333333333333336,5.2,13069.313333333334,12849.466,11375.5,3.3083333333333327,1202.2531682794745
2005-07-01,3.0,3.2625806451612904,,1541.7759090909092,3.7,5.2,13142.642,12868.735,11387.1,2.9499999999999997,1222.2369995117188
2005-08-01,3.1,3.4996774193548386,,1542.6295652173915,3.566666666666667,4.9,13203.162666666667,12891.416,11405.3,2.5916666666666663,1224.2699983016305
2005-09-01,4.3,3.6229999999999998,,1550.3427272727274,3.433333333333333,4.8,13263.683333333332,12850.144,11365.2,2.233333333333333,1225.914771670387
2005-10-01,4.6,3.7793548387096774,,1530.9304761904762,3.3,4.6,13324.204,12925.11,11428.7,1.8749999999999996,1191.9642857142858
2005-11-01,3.3,3.999,,1526.3931818181818,3.1666666666666665,4.8,13415.856,13010.071,11500.1,1.5166666666666662,1237.3685651506696
2005-12-01,3.1,4.1570967741935485,,1537.5,3.033333333333333,4.6,13507.508,13055.374,11535.2,1.1583333333333328,1262.0719110398065
2006-01-01,3.0,4.285161290322581,,1548.8257142857142,2.9,5.1,13599.16,13214.527,11651.8,0.8,1278.7224975585937
2006-02-01,3.0,4.491428571428572,,1543.517,3.1,5.1,13650.581333333334,13283.182,11702.8,1.125,1276.6452765213817
2006-03-01,3.0,4.589354838709677,,1538.3473913043476,3.3,4.8,13702.002666666667,13340.072,11747.5,1.4500000000000002,1293.7347783627717
2006-04-01,3.3,4.790333333333334,,1523.8885,3.5,4.5,13753.424,13347.045,11744.4,1.7750000000000001,1302.1652703536183
2006-05-01,4.0,4.940322580645161,,1523.1917391304348,3.2666666666666666,4.4,13792.345333333335,13336.874,11736.8,2.1,1290.0136274857955
2006-06-01,3.3,4.991,,1524.1940909090908,3.033333333333333,4.8,13831.266666666666,13353.303,11751.9,2.425,1253.1681795987215
2006-07-01,3.2,5.235161290322581,,1532.780476190476,2.8,5.0,13870.188,13342.387,11746.9,2.75,1260.2345031738282
2006-08-01,3.8,5.2464516129032255,,1559.4191304347826,2.333333333333333,4.6,13926.645333333334,13329.621,11737.0,3.075,1287.1495679772418
2006-09-01,3.1,5.254666666666666,,1581.8918181818183,1.8666666666666667,4.4,13983.102666666666,13408.301,11800.1,3.4000000000000004,1317.7430114746094
2006-10-01,3.1,5.245161290322581,,1589.3322727272725,1.4,4.1,14039.56,13479.95,11853.7,3.7250000000000005,1363.3772638494318
2006-11-01,3.0,5.245666666666667,,1613.138181818182,2.2333333333333334,4.3,14098.257,13547.935,11901.9,4.05,1388.634753999256
2006-12-01,2.9,5.2380645161290325,,1623.1799999999998,3.0666666666666664,4.3,14156.954,13627.346,11958.6,4.375,1416.4200073242187
2007-01-01,3.0,5.248387096774193,,1616.036818181818,3.9,5.0,14215.651,13651.743,11956.6,4.7,1424.160986328125
2007-02-01,3.0,5.258928571428571,,1629.5225,3.533333333333333,4.9,14277.794666666667,13711.191,11996.0,4.291666666666667,1444.7947484066613
2007-03-01,3.0,5.256774193548387,,1646.146956521739,3.1666666666666665,4.5,14339.938333333334,13762.811,12035.1,3.8833333333333333,1406.9518210671165
2007-04-01,3.3,5.249666666666667,,1641.752,2.8,4.3,14402.082,13784.697,12052.8,3.475,1463.6405029296875
2007-05-01,3.3,5.2535483870967745,,1645.1436363636365,2.6,4.3,14456.093666666668,13791.861,12059.9,3.0666666666666664,1511.1368130770597
2007-06-01,3.4,5.2540000000000004,,1619.4881818181818,2.4,4.7,14510.105333333333,13786.416,12053.3,2.658333333333333,1514.4895193917412
2007-07-01,3.4,5.258387096774193,,1626.9568181818183,2.2,4.9,14564.117,13795.953,12066.4,2.25,1520.7047584170386
2007-08-01,3.2,5.022258064516129,,1637.4147826086958,2.0,4.6,14614.430666666667,13795.066,12070.9,1.8416666666666663,1454.6169592815897
2007-09-01,3.1,4.938,,1652.1961904761906,1.8,4.5,14664.744333333334,13813.791,12089.6,1.4333333333333331,1497.1163265830592
2007-10-01,3.1,4.755483870967741,,1670.4882608695655,1.6,4.4,14715.058,13796.513,12080.4,1.025,1539.65869140625
2007-11-01,3.4,4.486666666666666,,1686.790909090909,1.5666666666666667,4.5,14712.218,13787.506,12070.1,0.6166666666666663,1463.3852364676338
2007-12-01,3.4,4.244516129032259,,1677.9715,1.5333333333333334,4.8,14709.378,13846.539,12120.5,0.20833333333333304,1479.2234985351563
2008-01-01,3.4,3.9403225806451614,,1706.7199999999998,1.5,5.4,14706.538,13862.766,12137.1,-0.2,1378.7638055710565
2008-02-01,3.6,2.9806896551724136,,1698.7566666666667,1.6666666666666667,5.2,14759.592333333334,13877.177,12141.8,-0.08333333333333336,1354.872509765625
2008-03-01,4.3,2.6103225806451613,,1688.3195,1.8333333333333333,5.2,14812.646666666666,13893.695,12145.9,0.0333333333333333,1316.9429931640625
2008-04-01,4.8,2.2783333333333333,,1685.9477272727272,2.0,4.8,14865.701,13854.44,12100.8,0.14999999999999997,1370.4690940163352
2008-05-01,5.2,1.9783870967741934,,1695.9321739130435,2.3333333333333335,5.2,14876.800333333333,14441.892,12696.2,0.2666666666666666,1403.2176164899554
2008-06-01,5.1,2.001,,1676.9428571428573,2.6666666666666665,5.7,14887.899666666666,14094.894,12376.6,0.38333333333333325,1341.250964936756
2008-07-01,5.1,2.009677419354839,,1664.5639130434784,3.0,6.0,14898.999,13867.615,12188.7,0.49999999999999994,1257.32636607777
2008-08-01,4.8,1.996451612903226,,1670.0372727272727,2.3333333333333335,6.1,14802.069,13780.34,12120.6,0.6166666666666665,1281.4723656063989
2008-09-01,4.3,1.8116666666666668,,1631.5622727272728,1.6666666666666667,6.0,14705.139000000001,13789.923,12149.0,0.7333333333333332,1217.0228562127977
2008-10-01,3.9,0.9693548387096774,,1477.1686956521737,1.0,6.1,14608.209,13883.254,12240.5,0.8499999999999999,968.8008741295856
2008-11-01,2.9,0.3876666666666667,,1476.8538095238096,0.5666666666666667,6.5,14549.106666666667,13982.019,12345.9,0.9666666666666666,883.04052734375
2008-12-01,1.7,0.15516129032258064,,1536.6704545454545,0.1333333333333333,7.1,14490.004333333334,13891.878,12288.8,1.0833333333333333,877.5618175159801
2009-01-01,2.2,0.15419354838709678,,1588.1386363636366,-0.3,8.5,14430.902,13762.24,12361.5,1.2,865.5755004882812
2009-02-01,1.9,0.22214285714285714,,1581.5695238095238,-0.43333333333333335,8.9,14414.346666666666,13603.699,12241.9,1.625,805.2273688065378
2009-03-01,2.0,0.18064516129032257,,1540.5509090909093,-0.5666666666666667,9.0,14397.791333333334,13570.847,12242.7,2.05,757.1268144087358
2009-04-01,2.8,0.15033333333333332,,1573.1195238095238,-0.7,8.6,14381.236,13601.477,12320.0,2.4749999999999996,848.1518990652902
2009-05-01,2.8,0.1774193548387097,,1637.3218181818183,-0.3,9.1,14403.784666666666,13779.884,12500.1,2.9,902.4085021972656
2009-06-01,3.1,0.20633333333333334,,1690.3327272727272,0.09999999999999998,9.7,14426.333333333334,13544.781,12273.2,3.325,926.1150013316761
2009-07-01,2.9,0.15580645161290324,,1741.4765217391305,0.5,9.7,14448.882,13493.206,12218.7,3.75,935.8213639692826
2009-08-01,2.8,0.16032258064516128,,1800.885238095238,0.7666666666666666,9.6,14516.337666666666,13468.487,12194.8,4.175,1009.7247576032366
2009-09-01,2.2,0.14666666666666667,,1843.0831818181819,1.0333333333333332,9.5,14583.793333333333,13502.606,12230.6,4.6,1044.5523826962426
2009-10-01,2.9,0.11806451612903227,,1865.5904347826088,1.3,9.5,14651.249,13460.827,12193.2,5.0249999999999995,1067.6636297052557
2009-11-01,2.7,0.119,,1884.5361904761905,1.2666666666666666,9.4,14689.036,13494.222,12224.4,5.45,1088.0690063476563
2009-12-01,2.5,0.11806451612903227,,1890.5904545454543,1.2333333333333334,9.7,14726.823,13551.644,12280.2,5.875,1110.377724387429
2010-01-01,2.8,0.11,,1913.2576190476193,1.2,10.6,14764.61,13610.249,12285.8,6.3,1123.5815815172698
2010-02-01,2.7,0.12642857142857142,,1913.2771428571427,1.4666666666666666,10.4,14836.471,13610.405,12292.0,5.85,1089.1599892064144
2010-03-01,2.7,0.16451612903225807,,1932.6026086956522,1.7333333333333334,10.2,14908.332,13661.363,12340.3,5.4,1152.0486901324728
2010-04-01,2.9,0.19833333333333333,,1949.5804761904762,2.0,9.5,14980.193,13776.728,12447.1,4.95,1197.316185360863
2010-05-01,3.2,0.2006451612903226,,1967.892857142857,1.7333333333333334,9.3,15033.997666666666,13885.106,12540.3,4.5,1125.0620056152343
2010-06-01,2.8,0.17666666666666667,,1969.855909090909,1.4666666666666668,9.6,15087.802333333333,13898.726,12544.3,4.05,1083.3608953302557
2010-07-01,2.7,0.18258064516129033,,2013.766956521739,1.2,9.7,15141.607,13928.888,12554.2,3.6,1079.8033360072545
2010-08-01,2.7,0.18935483870967743,,2065.521818181818,1.5666666666666667,9.5,15197.562666666667,13980.745,12591.4,3.1500000000000004,1087.2822709517045
2010-09-01,2.2,0.19466666666666665,,2077.780909090909,1.9333333333333331,9.2,15253.518333333333,13989.519,12589.9,2.7,1122.0819033668154
2010-10-01,2.7,0.19129032258064516,,2102.884090909091,2.3,9.0,15309.474,14000.339,12592.5,2.25,1171.5838099888392
2010-11-01,3.0,0.19433333333333333,,2089.729090909091,2.2333333333333334,9.3,15323.465333333334,14018.501,12605.1,1.7999999999999998,1198.8885614304315
2010-12-01,3.0,0.1832258064516129,,2052.3378260869567,2.1666666666666665,9.1,15337.456666666667,14104.762,12680.6,1.3500000000000005,1241.5254516601562
2011-01-01,3.4,0.16838709677419356,,2065.193333333333,2.1,9.8,15351.448,14289.288,12740.1,0.9,1282.6184997558594
2011-02-01,3.4,0.15678571428571428,,2061.709,2.3000000000000003,9.5,15420.145,14331.186,12776.6,0.725,1321.1178877981085
2011-03-01,4.6,0.13870967741935483,,2086.432608695652,2.5,9.2,15488.842,14298.318,12742.7,0.55,1304.4865138841712
2011-04-01,4.6,0.098,,2098.3414285714284,2.7,8.7,15557.539,14275.294,12721.3,0.375,1331.5050109863282
2011-05-01,4.1,0.09387096774193548,,2138.520454545455,2.6,8.7,15587.586000000001,14260.443,12705.3,0.19999999999999996,1338.3104654947917
2011-06-01,3.8,0.09200000000000001,,2148.1654545454544,2.5,9.3,15617.633,14324.383,12756.9,0.02499999999999991,1287.2886408025568
2011-07-01,3.4,0.07096774193548387,,2156.2827272727272,2.4,9.3,15647.68,14386.123,12805.6,-0.15000000000000002,1325.184503173828
2011-08-01,3.5,0.09580645161290323,,2193.306086956522,1.7666666666666666,9.1,15712.539666666667,14378.666,12799.7,-0.32500000000000007,1185.3056534476902
2011-09-01,3.3,0.084,,2193.7677272727274,1.1333333333333333,8.8,15777.399333333333,14359.76,12781.7,-0.5000000000000001,1173.8790573846727
2011-10-01,3.2,0.0706451612903226,,2178.7209523809524,0.5,8.5,15842.259,14364.71,12791.9,-0.6750000000000002,1207.2161865234375
2011-11-01,3.2,0.081,,2208.572727272727,1.1333333333333333,8.2,15917.774333333333,14349.583,12782.7,-0.8500000000000002,1226.414771670387
2011-12-01,3.1,0.07161290322580646,,2202.7077272727274,1.7666666666666666,8.3,15993.289666666667,14479.33,12898.5,-1.0250000000000004,1243.3228469122023
2012-01-01,3.3,0.08193548387096775,,2232.347619047619,2.4,8.8,16068.805,14518.055,12967.5,-1.2,1300.5780151367187
2012-02-01,3.3,0.10379310344827586,,2270.4861904761906,2.1666666666666665,8.7,16114.908333333333,14591.389,13029.6,-1.0083333333333333,1352.4875
2012-03-01,3.9,0.1267741935483871,,2274.445217391304,1.9333333333333333,8.4,16161.011666666667,14635.02,13066.4,-0.8166666666666667,1389.2400013316762
2012-04-01,3.2,0.13933333333333334,,2289.2365,1.7,7.7,16207.115,14689.558,13116.5,-0.625,1386.4289855957031
2012-05-01,3.0,0.15580645161290324,,2308.0834782608695,1.8666666666666667,7.9,16244.590333333334,14687.217,13112.5,-0.43333333333333335,1341.2727161754262
2012-06-01,3.1,0.16166666666666668,,2320.145,2.033333333333333,8.4,16282.065666666665,14680.673,13097.2,-0.2416666666666667,1323.4842936197917
2012-07-01,3.0,0.15645161290322582,,2368.7149999999997,2.2,8.6,16319.541,14586.106,12999.8,-0.050000000000000044,1359.7761986142114
2012-08-01,3.6,0.13225806451612904,,2382.4426086956523,2.1333333333333333,8.2,16353.167,14553.669,12961.6,0.1416666666666666,1403.4482581097147
2012-09-01,3.3,0.14433333333333334,,2402.368095238095,2.066666666666667,7.6,16386.793,14662.932,13053.1,0.33333333333333326,1443.4194721422698
2012-10-01,3.1,0.15838709677419355,,2434.8322727272725,2.0,7.5,16420.419,14761.628,13142.0,0.5249999999999999,1437.816662016369
2012-11-01,3.1,0.16066666666666668,,2448.289090909091,1.8666666666666667,7.4,16496.342333333334,14962.471,13315.7,0.7166666666666666,1394.5123872302827
2012-12-01,3.2,0.16451612903225807,,2446.759,1.7333333333333334,7.6,16572.265666666666,15333.647,13642.7,0.9083333333333334,1422.2854919433594
2013-01-01,3.3,0.14258064516129032,,2444.228181818182,1.6,8.5,16648.189,14568.746,12845.5,1.1,1480.395240420387
2013-02-01,3.3,0.14500000000000002,,2436.1989999999996,1.3666666666666667,8.1,16675.021666666667,14539.752,12813.9,0.9583333333333334,1512.3115812602796
2013-03-01,3.2,0.1435483870967742,,2444.580952380952,1.1333333333333333,7.6,16701.854333333333,14590.576,12852.1,0.8166666666666667,1550.8289855957032
2013-04-01,3.1,0.145,,2478.8663636363635,0.9,7.1,16728.687,14650.083,12893.4,0.675,1570.702264959162
2013-05-01,3.1,0.10903225806451612,,2469.908695652174,1.2666666666666666,7.3,16803.737333333334,14720.7,12954.2,0.5333333333333333,1639.842723499645
2013-06-01,3.0,0.09366666666666666,,2396.502857142857,1.6333333333333333,7.8,16878.787666666667,14720.82,12955.7,0.3916666666666666,1618.7725158691405
2013-07-01,3.1,0.09258064516129033,,2377.5234782608695,2.0,7.7,16953.838,14690.118,12941.8,0.25,1668.6754427823153
2013-08-01,3.0,0.08290322580645161,,2368.1161904761907,2.033333333333333,7.3,17033.231666666667,14715.624,12969.6,0.10833333333333328,1670.0936390269887
2013-09-01,3.3,0.08,,2366.272380952381,2.066666666666667,7.0,17112.625333333333,14776.266,13027.5,-0.03333333333333344,1687.1735046386718
2013-10-01,3.0,0.08709677419354839,,2406.61,2.1,7.0,17192.019,14726.182,12974.6,-0.17500000000000004,1720.0265317170517
2013-11-01,2.9,0.08433333333333333,,2411.1404545454543,1.9000000000000001,6.6,17193.925333333333,14763.876,12998.9,-0.3166666666666669,1783.5410034179688
2013-12-01,3.0,0.08516129032258064,1811.51875,2412.9490476190476,1.7,6.5,17195.83166666667,14797.116,13019.1,-0.4583333333333335,1807.7752336774554
2014-01-01,3.1,0.07161290322580646,1822.3566666666666,2440.0404545454544,1.5,7.0,17197.738,14872.775,13079.5,-0.6,1822.3566603887648
2014-02-01,3.2,0.06642857142857143,1817.0347368421055,2465.198,1.7666666666666666,7.0,17304.661333333333,14955.901,13148.0,-0.7083333333333333,1817.0347386410363
2014-03-01,3.2,0.07806451612903226,1863.5233333333333,2477.3347619047618,2.033333333333333,6.8,17411.58466666667,15033.859,13219.9,-0.8166666666666667,1863.5233386811756
2014-04-01,3.2,0.09033333333333333,1864.2633333333333,2502.2976190476193,2.3,5.9,17518.508,15078.809,13270.2,-0.9249999999999999,1864.2633347284227
2014-05-01,3.3,0.08709677419354837,1889.767142857143,2536.7247826086955,2.0999999999999996,6.1,17613.748,15120.855,13312.9,-1.0333333333333332,1889.7671421595983
2014-06-01,3.1,0.09566666666666666,1947.0876190476188,2541.1790476190477,1.9,6.3,17708.988,15177.06,13360.4,-1.1416666666666666,1947.087611607143
2014-07-01,3.3,0.09096774193548386,1973.1,2555.5973913043476,1.7,6.5,17804.228,15218.177,13386.8,-1.25,1973.0999866832387
2014-08-01,3.2,0.08806451612903225,1961.5319047619046,2573.5777272727273,1.2666666666666666,6.3,17840.178333333333,15295.125,13445.9,-1.3583333333333334,1961.5319068545386
2014-09-01,3.0,0.08833333333333333,1993.2261904761904,2563.08,0.8333333333333334,5.7,17876.128666666667,15348.309,13486.3,-1.4666666666666666,1993.2261904761904
2014-10-01,2.9,0.08903225806451612,1937.2743478260868,2588.87,0.4,5.5,17912.079,15426.259,13550.7,-1.5749999999999997,1937.2743503736413
2014-11-01,2.8,0.09200000000000001,2044.572105263158,2581.1714285714284,0.19999999999999998,5.5,17962.562333333335,15514.307,13624.4,-1.6833333333333331,2044.5721050061677
2014-12-01,2.8,0.12258064516129032,2054.2663636363636,2586.2977272727276,-5.551115123125783e-17,5.4,18013.045666666665,15620.73,13719.1,-1.7916666666666665,2054.2663629705257
2015-01-01,2.5,0.11483870967741935,2028.1785,2637.532380952381,-0.2,6.1,18063.529,15758.015,13797.7,-1.9,2028.1785095214843
2015-02-01,2.8,0.11071428571428572,2082.1957894736843,2635.9090476190477,0.6333333333333333,5.8,18135.613999999998,15815.476,13848.0,-1.7583333333333333,2082.1957943564967
2015-03-01,3.0,0.11290322580645161,2079.9904545454547,2637.187727272727,1.4666666666666668,5.6,18207.699,15786.489,13811.3,-1.6166666666666667,2079.9904396750712
2015-04-01,2.6,0.12466666666666668,2094.862857142857,2661.372380952381,2.3,5.1,18279.784,15833.624,13842.0,-1.4749999999999999,2094.862839471726
2015-05-01,2.8,0.12322580645161291,2111.9435,2615.562380952381,1.9,5.3,18320.398,15866.779,13865.6,-1.3333333333333333,2111.9435180664063
2015-06-01,2.7,0.129,2099.283636363636,2583.5518181818184,1.5,5.5,18361.012,15873.338,13874.1,-1.1916666666666667,2099.2836581143465
2015-07-01,2.8,0.13032258064516128,2094.1436363636367,2585.2413043478264,1.1,5.6,18401.626,15899.39,13905.7,-1.0499999999999998,2094.1436268199573
2015-08-01,2.8,0.13806451612903226,2039.8661904761907,2593.554761904762,0.7333333333333334,5.2,18412.796333333332,15930.975,13935.8,-0.9083333333333332,2039.8662051246279
2015-09-01,2.8,0.136,1944.4023809523808,2589.322727272727,0.3666666666666667,4.9,18423.966666666667,15973.484,13972.2,-0.7666666666666666,1944.4023844401042
2015-10-01,2.7,0.1235483870967742,2024.8127272727272,2609.0239130434784,0.0,4.8,18435.137,16012.028,13996.9,-0.625,2024.8127163973722
2015-11-01,2.7,0.11766666666666666,2080.6165,2594.5666666666666,-0.09999999999999999,4.8,18465.40233333333,16009.52,13993.4,-0.4833333333333334,2080.61650390625
2015-12-01,2.6,0.24064516129032257,2054.0795454545455,2589.293181818182,-0.19999999999999998,4.8,18495.667666666668,16077.429,14060.2,-0.34166666666666656,2054.0795621004972
2016-01-01,2.5,0.3429032258064516,1918.5978947368421,2589.8019047619046,-0.3,5.3,18525.933,16098.568,14121.1,-0.2,1918.5978875411183
2016-02-01,2.5,0.37517241379310345,1904.4185000000002,2596.2057142857143,0.7,5.2,18587.856,16107.427,14135.3,-0.275,1904.4184936523438
2016-03-01,2.7,0.362258064516129,2021.9540909090908,2637.4654545454546,1.7,5.1,18649.779000000002,16106.421,14135.4,-0.35000000000000003,2021.9540904651988
2016-04-01,2.8,0.3653333333333333,2075.535238095238,2698.538636363636,2.7,4.7,18711.702,16081.685,14106.2,-0.42500000000000004,2075.5352318173364
2016-05-01,2.4,0.36516129032258066,2065.5509523809524,2714.544545454545,2.1333333333333333,4.5,18772.014333333333,16074.046,14095.5,-0.5,2065.5504789806546
2016-06-01,2.6,0.37766666666666665,2083.8913636363636,2747.050909090909,1.5666666666666667,5.1,18832.326666666668,16090.905,14104.9,-0.5750000000000001,2083.891368519176
2016-07-01,2.7,0.3916129032258065,2148.902,2801.1186363636366,1.0,5.1,18892.639,16159.383,14160.1,-0.6500000000000001,2148.9019775390625
2016-08-01,2.5,0.3967741935483871,2177.4821739130434,2811.4891304347825,1.3,5.0,18958.219,16177.334,14176.7,-0.7250000000000001,2177.482167119565
2016-09-01,2.4,0.39633333333333337,2157.6909523809527,2807.5954545454547,1.6,4.8,19023.799,16215.456,14209.1,-0.8,2157.690964471726
2016-10-01,2.4,0.3964516129032258,2143.0209523809526,2800.9695238095237,1.9,4.7,19089.379,16243.304,14235.4,-0.875,2143.0209379650296
2016-11-01,2.4,0.4066666666666666,2164.985714285714,2742.239545454546,1.9666666666666666,4.4,19152.947333333334,16286.542,14273.6,-0.9500000000000002,2164.9856887090773
2016-12-01,2.2,0.54,2246.6290476190475,2714.276363636364,2.033333333333333,4.5,19216.515666666666,16334.247,14313.7,-1.0250000000000001,2246.6290457589284
2017-01-01,2.6,0.6496774193548387,2275.116,2744.615238095238,2.1,5.1,19280.084,16383.236,14373.7,-1.1,2275.1159790039064
2017-02-01,2.7,0.6567857142857143,2329.9105263157894,2755.5345,1.7666666666666668,4.9,19332.936999999998,16431.536,14416.8,-0.9916666666666667,2329.9105417351975
2017-03-01,2.5,0.7861290322580645,2366.822173913043,2755.4508695652175,1.4333333333333336,4.6,19385.79,16491.77,14476.3,-0.8833333333333334,2366.822170091712
2017-04-01,2.5,0.896,2359.3094736842104,2792.4965,1.1,4.1,19438.643,16521.43,14509.3,-0.7750000000000001,2359.309454666941
2017-05-01,2.6,0.9074193548387097,2395.345909090909,2808.2291304347823,1.4333333333333333,4.1,19523.29366666667,16626.085,14610.7,-0.6666666666666667,2395.345880681818
2017-06-01,2.6,1.04,2433.9854545454546,2843.9622727272726,1.7666666666666666,4.5,19607.944333333333,16642.946,14618.7,-0.5583333333333333,2433.98545143821
2017-07-01,2.6,1.1506451612903223,2454.1025,2847.615714285714,2.1,4.6,19692.595,16698.803,14660.2,-0.45000000000000007,2454.102502441406
2017-08-01,2.6,1.1570967741935483,2456.223043478261,2870.2400000000002,2.2333333333333334,4.5,19807.426,16729.216,14678.3,-0.3416666666666668,2456.2230702275815
2017-09-01,2.7,1.153333333333333,2492.841,2879.6963636363635,2.3666666666666667,4.1,19922.257,16774.796,14706.0,-0.2333333333333334,2492.8410400390626
2017-10-01,2.4,1.1538709677419354,2556.997272727273,2883.6163636363635,2.5,3.9,20037.088,16841.324,14748.6,-0.125,2556.9972700639205
2017-11-01,2.5,1.157,2593.6057142857144,2888.8963636363637,2.533333333333333,3.9,20134.243,16883.564,14771.1,-0.016666666666666607,2593.605736142113
2017-12-01,2.7,1.3016129032258066,2664.3405,2900.0009523809526,2.566666666666667,3.9,20231.398,16919.258,14797.9,0.09166666666666656,2664.34052734375
2018-01-01,2.7,1.414516129032258,2789.8038095238094,2891.656818181818,2.6,4.5,20328.553,16938.615,14886.6,0.2,2789.8038155691966
2018-02-01,2.7,1.4175,2705.1552631578948,2845.6670000000004,2.7,4.4,20412.672666666665,16963.881,14921.1,-2.7755575615628914e-17,2705.1552477384867
2018-03-01,2.8,1.5061290322580645,2702.7738095238096,2833.945,2.8,4.1,20496.792333333335,17008.963,14974.8,-0.20000000000000007,2702.7738211495534
2018-04-01,2.7,1.6923333333333332,2653.625238095238,2833.8519047619047,2.9,3.7,20580.912,17028.008,15007.2,-0.4000000000000001,2653.6252092633927
2018-05-01,2.8,1.7,2701.4936363636366,2812.7595652173914,2.5,3.6,20653.518,17072.967,15057.8,-0.6000000000000001,2701.4936190518465
2018-06-01,3.0,1.8196666666666665,2754.3528571428574,2815.570409090909,2.1,4.2,20726.124,17140.662,15119.3,-0.8000000000000003,2754.3528878348216
2018-07-01,2.9,1.91,2793.6433333333334,2832.6054545454544,1.7,4.1,20798.73,17219.586,15184.7,-1.0000000000000002,2793.643357049851
2018-08-01,3.0,1.9148387096774193,2857.8204347826086,2851.075652173913,1.7,3.9,20838.442333333332,17282.357,15238.6,-1.2000000000000004,2857.8204292629075
2018-09-01,2.7,1.9546666666666668,2901.5005263157896,2842.2604761904763,1.7,3.6,20878.154666666665,17275.742,15237.5,-1.4000000000000004,2901.5005139802633
2018-10-01,2.9,2.187741935483871,2785.4647826086957,2821.6195652173915,1.7,3.5,20917.867,17300.819,15274.1,-1.6000000000000003,2785.4647800611415
2018-11-01,2.8,2.197666666666667,2723.229523809524,2806.0954545454547,1.5999999999999999,3.5,20979.955666666665,17339.645,15315.2,-1.8000000000000005,2723.231422061012
2018-12-01,2.7,2.274193548387097,2567.3073684210526,2831.1994999999997,1.5,3.7,21042.044333333335,17538.653,15506.5,-2.0000000000000004,2567.3073858963817
2019-01-01,2.7,2.4,2607.3900000000003,2863.104090909091,1.4,4.4,21104.133,17576.867,15501.7,-2.2,2607.3899972098216
2019-02-01,2.6,2.4,2754.8642105263157,2912.7084999999997,1.5999999999999999,4.1,21197.680333333334,17646.366,15553.7,-1.9666666666666668,2754.8642064144738
2019-03-01,2.5,2.4051612903225807,2803.9838095238097,2949.241818181818,1.8,3.9,21291.22766666667,17688.891,15568.9,-1.7333333333333334,2803.9837937127977
2019-04-01,2.5,2.423666666666667,2903.8,2986.6319047619045,2.0,3.3,21384.775,17666.603,15524.4,-1.5,2903.799979073661
2019-05-01,2.9,2.390967741935484,2854.7059090909092,3014.037826086956,1.7333333333333334,3.4,21487.944,17671.573,15519.6,-1.2666666666666666,2854.705910422585
2019-06-01,2.7,2.377666666666667,2890.166,3078.537142857143,1.4666666666666668,3.8,21591.113,17696.609,15546.4,-1.0333333333333334,2890.165979003906
2019-07-01,2.6,2.4029032258064515,2996.1136363636365,3120.0343478260866,1.2,4.0,21694.282,17690.334,15565.7,-0.8,2996.1136363636365
2019-08-01,2.7,2.1258064516129034,2897.498181818182,3203.2791304347825,1.2333333333333334,3.8,21763.65133333333,17772.936,15654.1,-0.5666666666666667,2897.450450550426
2019-09-01,2.8,2.043,2982.156,3202.685238095238,1.2666666666666666,3.3,21833.020666666667,17805.954,15691.3,-0.33333333333333326,2982.156005859375
2019-10-01,2.5,1.8296774193548386,2977.675217391304,3214.3234782608697,1.3,3.3,21902.39,17842.762,15718.1,-0.10000000000000009,2977.675197435462
2019-11-01,2.5,1.5533333333333335,3104.9044999999996,3219.7790476190476,1.5,3.3,21837.097666666665,17914.64,15778.2,0.1333333333333333,3104.9044921875
2019-12-01,2.3,1.550967741935484,3176.749523809524,3243.0814285714287,1.7,3.4,21771.805333333334,17820.676,15684.8,0.3666666666666667,3176.74951171875
2020-01-01,2.5,1.5506451612903225,3278.202857142857,3283.4109090909096,1.9,4.0,21706.513,18018.293,15852.5,0.6,3278.202857607887
2020-02-01,2.4,1.5831034482758621,3277.314210526316,3339.252380952381,0.7333333333333332,3.8,21108.722999999998,18101.789,15918.0,0.6916666666666667,3277.3141832853617
2020-03-01,2.2,0.6522580645161291,2652.3936363636367,3170.0677272727276,-0.43333333333333357,4.5,20510.933,17822.059,15696.3,0.7833333333333333,2652.393632368608
2020-04-01,2.1,0.049,2761.975238095238,3226.547142857143,-1.6,14.4,19913.143,19992.025,18020.2,0.875,2761.9752255394346
2020-05-01,3.2,0.05,2919.6150000000002,3284.3736363636363,0.1333333333333333,13.0,20491.308666666668,19132.89,17104.6,0.9666666666666667,2919.6084838867187
2020-06-01,3.0,0.07766666666666668,3104.6609090909087,3381.154090909091,1.8666666666666667,11.2,21069.47433333333,19118.13,17035.0,1.0583333333333333,3104.6609330610795
2020-07-01,3.0,0.09258064516129033,3207.6190909090906,3468.981739130435,3.6,10.5,21647.64,19314.46,17193.2,1.15,3207.6190962357955
2020-08-01,3.1,0.09516129032258065,3391.71,3492.7733333333335,3.3333333333333335,8.5,21773.260666666665,18684.453,16525.8,1.2416666666666667,3391.7100190662204
2020-09-01,2.6,0.09,3365.516666666667,3479.2859090909087,3.0666666666666664,7.7,21898.881333333335,18796.082,16607.9,1.3333333333333335,3365.516671316964
2020-10-01,2.6,0.09,3418.701363636363,3469.404347826087,2.8,6.6,22024.502,18795.426,16561.9,1.425,3418.6999955610795
2020-11-01,2.8,0.08633333333333333,3548.9925000000003,3509.3514285714286,3.6333333333333333,6.4,22216.396333333334,18641.586,16368.1,1.5166666666666666,3548.99248046875
2020-12-01,2.5,0.09,3695.3100000000004,3545.8686363636366,4.466666666666667,6.5,22408.290666666668,18707.602,16406.1,1.6083333333333334,3695.3100142045455
2021-01-01,3.0,0.08516129032258064,3793.748421052632,3530.25,5.3,6.8,22600.185,20501.131,18107.3,1.7,3793.7484323601975
2021-02-01,3.3,0.07571428571428572,3883.432105263158,3496.744761904762,5.6,6.6,22830.910666666667,19013.898,16604.9,1.325,3883.4321160567433
2021-03-01,3.1,0.06967741935483872,3910.508260869565,3414.5865217391306,5.9,6.2,23061.636333333336,22856.702,20422.6,0.95,3910.5082795516305
2021-04-01,3.4,0.069,4141.176190476191,3446.5385714285712,6.2,5.7,23292.362,19788.085,17316.6,0.575,4141.176199776785
2021-05-01,4.6,0.05806451612903226,4167.8495,3456.778095238095,6.133333333333334,5.5,23471.232333333333,19314.56,16819.1,0.19999999999999996,4167.849536132812
2021-06-01,4.2,0.078,4238.489545454546,3501.617272727273,6.066666666666666,6.1,23650.10266666667,19249.026,16736.3,-0.17500000000000004,4238.48954634233
2021-07-01,4.7,0.09806451612903226,4363.7128571428575,3555.098260869565,6.0,5.7,23828.973,19359.925,16836.1,-0.55,4363.712797619048
2021-08-01,4.6,0.09225806451612903,4454.206363636364,3561.3518181818185,6.366666666666666,5.3,24104.183,19325.007,16791.7,-0.925,4453.965931285511
2021-09-01,4.6,0.07933333333333333,4445.543333333333,3564.1754545454546,6.733333333333333,4.6,24379.393,19120.766,16564.3,-1.3,4445.543317522322
2021-10-01,4.8,0.07903225806451614,4460.7071428571435,3523.234090909091,7.1,4.3,24654.603,19133.495,16547.4,-1.675,4460.707077752976
2021-11-01,4.9,0.07966666666666668,4667.386666666666,3530.7149999999997,7.533333333333333,3.9,24779.440666666665,19102.141,16499.8,-2.05,4667.386648995535
2021-12-01,4.8,0.07967741935483871,4674.772727272727,3532.7122727272726,7.966666666666667,3.7,24904.278333333335,19024.303,16418.5,-2.425,4674.772771661932
2022-01-01,4.9,0.07935483870967742,4573.8155,3457.252857142857,8.4,4.4,25029.116,18873.524,16080.8,-2.8,4573.815454101563
2022-02-01,4.9,0.08,4435.98052631579,3360.4120000000003,8.633333333333333,4.1,25200.835000000003,18878.407,16092.7,-2.8,4435.980494449013
2022-03-01,5.4,0.2009677419354839,4391.265217391305,3267.6260869565217,8.866666666666667,3.8,25372.554,18795.364,16028.1,-2.8,4391.265264096467
2022-04-01,5.4,0.33,4391.296,3156.6200000000003,9.1,3.3,25544.273,18800.822,16042.6,-2.8,4391.29599609375
2022-05-01,5.3,0.765483870967742,4040.3599999999997,3082.42,7.566666666666666,3.4,25694.395,18759.493,16023.2,-2.8,4040.3600027901784
2022-06-01,5.3,1.2049999999999998,3898.9466666666667,3040.4150000000004,6.033333333333333,3.8,25844.517,18662.365,15963.4,-2.8,3898.9466843377977
2022-07-01,5.2,1.6758064516129034,3911.7295,3071.005,4.5,3.8,25994.639,18805.531,16109.3,-2.8,3911.7294921875
2022-08-01,4.8,2.33,4158.563043478261,3095.078695652174,4.3,3.8,26132.560999999998,18841.863,16161.4,-2.8,4158.563083814538
2022-09-01,4.7,2.555,3850.520476190476,2972.7477272727274,4.1,3.3,26270.483,18856.687,16184.9,-2.8,3850.5204961867557
2022-10-01,5.0,3.08,3726.050952380953,2862.9838095238097,3.9,3.4,26408.405,18874.608,16223.5,-2.8,3726.050955636161
2022-11-01,5.0,3.7800000000000002,3917.488571428571,2926.3154545454545,3.9,3.4,26408.405,18854.311,16229.6,-2.8,3917.488595145089
2022-12-01,4.3,4.104193548387097,3912.3809523809523,3027.2213636363635,3.9,3.3,26408.405,18853.146,16265.1,-2.8,3912.3809523809523
