Date,EuroUSD,CAC40,Mkt-RF,SMB,HML,RF,oat,infl,pib,Breakeven,rkfreeAAA
2002-01-31,,4513.624556107955,-4.7,2.94,1.83,0.14,5.267368421052631,2.4,,,
2002-02-28,,4340.004541015625,0.41,-0.35,1.74,0.13,5.333,2.2,,,
2002-03-31,,4594.41796875,5.08,-0.41,0.74,0.13,5.4719999999999995,2.2,,,
2002-04-30,,4523.191941034226,-0.32,2.92,4.76,0.15,5.434090909090909,2.1,473460.01,,
2002-05-31,,4369.959539240057,0.43,1.73,4.7,0.14,5.445652173913044,1.6,473460.01,,
2002-06-30,,3939.5235107421877,-2.48,1.12,2.42,0.13,5.3020000000000005,1.4,473460.01,,
2002-07-31,,3471.8700004245925,-10.59,1.76,3.15,0.15,5.244761904761905,1.6,475441.05,,
2002-08-31,,3383.398193359375,0.14,-2.24,2.11,0.14,5.157272727272727,1.8,475441.05,,
2002-09-30,,3063.5380859375,-13.17,3.0,-1.9,0.14,5.0255,1.8,475441.05,,
2002-10-31,,2967.0804390285325,8.58,-6.73,-0.84,0.14,5.201363636363637,1.9,477769.39,,
2002-11-30,,3192.3280668712796,4.89,-0.78,2.16,0.12,5.174782608695652,2.1,477769.39,,
2002-12-31,,3126.205517578125,-2.76,3.57,3.24,0.11,5.058571428571429,2.2,477769.39,,
2003-01-31,,3040.319080699574,-3.45,2.08,2.52,0.1,4.807619047619048,1.9,477725.39,,
2003-02-28,,2811.077526855469,-3.35,0.33,1.66,0.09,4.782,2.6,477725.39,,
2003-03-31,,2692.4857235863096,-1.49,0.82,-0.51,0.1,4.891739130434783,2.5,477725.39,,
2003-04-30,,2872.543493652344,13.12,-2.1,0.24,0.1,4.878095238095238,2.0,478192.24,,
2003-05-31,,2949.5509440104165,7.66,2.71,1.12,0.09,4.6872727272727275,1.8,478192.24,,
2003-06-30,,3112.9995233444943,1.17,1.99,0.42,0.1,4.6935,2.0,478192.24,,
2003-07-31,,3130.0621815557065,1.71,0.9,3.88,0.07,4.888695652173913,2.0,476966.17,,
2003-08-31,,3240.8061872209823,0.19,3.11,0.01,0.07,4.8933333333333335,2.0,476966.17,,
2003-09-30,,3328.376808860085,2.8,2.71,0.07,0.08,4.889,2.2,476966.17,,
2003-10-31,,3314.3121921705165,6.2,-1.2,3.66,0.07,4.936,2.3,481637.41,,
2003-11-30,,3403.6914916992187,4.49,0.0,0.41,0.07,4.951904761904761,2.5,481637.41,,
2003-12-31,1.231371750002322,3488.6943010602677,7.32,-2.01,0.49,0.08,4.874736842105263,2.4,481637.41,,
2004-01-31,1.260813295841217,3636.9390578497023,2.47,3.68,2.39,0.07,4.848363636363636,2.2,483636.04,,
2004-02-29,1.264356517791748,3681.3710083007813,3.1,1.06,0.37,0.06,4.853571428571429,1.9,483636.04,,
2004-03-31,1.226723313331604,3655.5026112432065,-3.32,0.88,-0.25,0.09,4.757000000000001,1.9,483636.04,,
2004-04-30,1.1996923305771567,3745.1614990234375,-1.23,-0.96,0.86,0.08,4.886380952380953,2.4,488465.25,,
2004-05-31,1.2016143344697499,3631.825706845238,1.42,-0.99,-0.84,0.06,4.944681818181818,2.8,488465.25,,
2004-06-30,1.215001404285431,3709.2549937855115,1.99,1.09,0.98,0.08,4.8999999999999995,2.7,488465.25,,
2004-07-31,1.2266866564750671,3630.411798650568,-3.12,0.08,0.45,0.1,4.871818181818181,2.6,491225.03,,
2004-08-31,1.2192946834997698,3568.6045365767045,0.37,-0.46,1.32,0.11,4.754272727272727,2.6,491225.03,,
2004-09-30,1.2229916832663796,3678.1504461115055,4.01,0.22,0.74,0.11,4.705125,2.2,491225.03,,2.045378842105263
2004-10-31,1.2495251297950745,3700.5933430989585,4.06,0.04,0.69,0.11,4.646095238095238,2.3,493094.52,,2.0620551904761903
2004-11-30,1.3002874200994319,3787.807273171165,6.86,2.09,1.73,0.15,4.5703157894736846,2.2,493094.52,,2.0975558636363636
2004-12-31,1.3416611837304158,3796.4256114130435,4.25,0.37,0.72,0.16,4.445083333333334,2.2,493094.52,,2.0968974347826084
2005-01-31,1.3110901684988112,3862.9785737537204,-1.25,3.56,1.57,0.16,4.008,1.6,496227.59,,2.056953571428571
2005-02-28,1.3015604257583617,3991.245007324219,4.59,0.77,1.04,0.16,4.017842105263158,1.9,496227.59,,2.04921005
2005-03-31,1.3180161559063455,4059.5980864025296,-2.57,-0.17,0.24,0.21,4.099600000000001,2.1,496227.59,,2.0542614761904763
2005-04-30,1.293771403176444,4027.657645089286,-2.59,0.54,-0.11,0.21,4.014681818181818,2.0,497533.15,,2.0358724285714285
2005-05-31,1.2683860876343467,4049.388172496449,-0.03,-1.66,1.18,0.24,3.8663809523809527,1.7,497533.15,,2.0186473636363633
2005-06-30,1.215723081068559,4193.214621803977,1.53,0.95,1.64,0.23,3.790409090909091,1.8,497533.15,,2.0300038636363635
2005-07-31,1.2048631679444086,4359.465750558035,3.82,0.34,1.34,0.24,3.8295217391304344,1.8,498659.79,,2.0427413809523807
2005-08-31,1.230295637379522,4445.039996603261,2.02,2.13,-0.11,0.3,3.762636363636364,2.0,498659.79,,2.0629376521739133
2005-09-30,1.2248099758511497,4495.600452769886,1.48,-0.35,0.12,0.29,3.6987272727272726,2.3,498659.79,,2.0391701363636363
2005-10-31,1.2027140401658558,4471.411481584822,-3.41,-1.19,0.41,0.27,3.8095682380952383,2.0,502020.42,,2.0613731428571427
2005-11-30,1.1796336065639148,4533.925470525568,1.29,-0.29,0.56,0.31,3.8828588636363635,1.8,502020.42,,2.2266986818181818
2005-12-31,1.1861147609623997,4700.574800037202,3.8,0.61,0.44,0.32,3.744047619047619,1.8,502020.42,,2.336495333333333
2006-01-31,1.2118454033678228,4839.683638139205,6.38,2.24,1.74,0.35,3.7788728,2.2,505212.05,,2.3752251363636363
2006-02-28,1.1945648670196534,4976.5565185546875,0.55,2.1,1.45,0.34,3.8548,2.0,505212.05,,2.4442709000000002
2006-03-31,1.2033482893653538,5111.913892663043,3.99,0.74,1.71,0.37,3.9799583333333337,1.7,505212.05,,2.548364695652174
2006-04-30,1.2284105479717256,5188.574951171875,5.25,1.83,-0.32,0.36,4.1707222222222216,2.0,509010.28,,2.5727209999999996
2006-05-31,1.2768109052077583,5073.209983132102,-3.64,-0.95,-0.55,0.43,4.2120476190476195,2.3,509010.28,,2.6535876363636364
2006-06-30,1.2666358676823704,4789.185480291193,-0.21,-1.61,-0.51,0.4,4.184458333333333,2.2,509010.28,,2.7569276363636366
2006-07-31,1.2694779748008365,4910.610002790178,1.01,-1.8,1.61,0.4,4.196090909090909,2.2,514292.58,,2.857407285714286
2006-08-31,1.2806200825649758,5073.341754415761,2.7,-0.27,0.39,0.42,4.105181818181818,2.1,514292.58,,2.991634347826087
2006-09-30,1.2732073125385104,5157.8486095610115,0.69,0.08,0.32,0.41,3.978238095238095,1.5,514292.58,,3.118344047619048
2006-10-31,1.2623980912295254,5338.785000887784,3.82,0.09,1.5,0.41,4.018272727272727,1.2,515076.48,,3.1868086363636365
2006-11-30,1.289442934773185,5414.504993785511,3.76,2.58,0.34,0.42,3.959772727272727,1.6,515076.48,,3.3051650454545456
2006-12-31,1.3214766808918543,5448.115748355263,3.32,0.97,0.55,0.4,4.048473684210527,1.7,515076.48,,3.4051932631578947
2007-01-31,1.3001161502755207,5586.986350319602,0.61,1.88,0.77,0.44,4.3014210526315795,1.4,518229.98,,3.5050037272727277
2007-02-28,1.3088247537612916,5684.216967773437,-0.51,1.23,-0.09,0.38,4.297139904761904,1.2,518229.98,,3.57779515
2007-03-31,1.325342758135362,5495.405894886364,3.71,0.68,0.04,0.43,4.303136363636363,1.2,518229.98,,3.6645920000000003
2007-04-30,1.351550823166257,5831.803145559211,5.54,-0.26,1.26,0.44,4.4499,1.3,522310.58,,3.753069052631579
2007-05-31,1.3509623123251873,6053.902743252841,1.56,-0.72,0.56,0.41,4.4990124583333335,1.2,522310.58,,3.8244119090909092
2007-06-30,1.34218126251584,6014.926199776785,-0.16,-0.66,0.4,0.4,4.6988095238095235,1.3,522310.58,,3.8905538095238095
2007-07-31,1.3724265911362388,5973.486372514205,-2.22,1.81,-0.36,0.4,4.583952380952381,1.2,525870.55,,3.952537318181818
2007-08-31,1.3620389077974402,5534.743885869565,-2.08,-3.16,-0.06,0.42,4.525834869565217,1.3,525870.55,,3.9538703043478263
2007-09-30,1.3927014564213,5597.169506835938,4.82,-3.72,-0.85,0.32,4.5603348,1.6,525870.55,,3.8783610000000004
2007-10-31,1.4234144324841707,5793.716987941576,4.34,0.42,-0.92,0.32,4.563952380952381,2.1,528157.42,,3.8277902608695653
2007-11-30,1.467327742349534,5565.341352982955,-4.03,-4.77,-1.76,0.34,4.551454545454546,2.6,528157.42,,3.8781903181818183
2007-12-31,1.4561950623989106,5619.078895970395,-2.1,-0.86,1.22,0.27,4.596704428571429,2.8,528157.42,,3.812243631578948
2008-01-31,1.4754100726998371,5153.566805752841,-10.01,0.38,-0.01,0.21,4.562380952380953,3.2,529230.77,,3.830646227272727
2008-02-29,1.4808344727470761,4845.169968377976,1.96,2.71,-0.51,0.13,4.626904761904762,3.2,529230.77,,3.838561761904762
2008-03-31,1.553615621158055,4641.0852693256575,0.26,-0.57,2.37,0.17,4.591095238095238,3.5,529230.77,,3.8663724736842107
2008-04-30,1.575691717011588,4900.191872336648,4.41,-2.55,-0.01,0.18,4.673086956521739,3.4,531822.36,,3.8910238636363634
2008-05-31,1.5572034290858678,5020.182826450893,0.85,0.48,-1.17,0.18,4.723636363636364,3.7,531822.36,,3.8832467619047617
2008-06-30,1.5571096000217257,4664.552362351191,-8.68,1.68,-0.7,0.17,4.802894736842105,4.0,531822.36,,4.078805523809524
2008-07-31,1.5745307423851707,4287.190472146739,-3.83,-2.16,0.95,0.15,4.797560739130435,4.0,528688.88,,4.2107975652173915
2008-08-31,1.4761537313461304,4409.883393787202,-4.57,0.11,-0.09,0.13,4.655818181818182,3.5,528688.88,,4.251345619047619
2008-09-30,1.4402002746408635,4220.489080255682,-15.07,-3.1,0.91,0.15,4.73965,3.4,528688.88,,4.180800409090909
2008-10-31,1.3340045835660852,3474.6669603430705,-22.02,-4.91,-3.53,0.08,4.555666666666666,3.0,528026.75,,3.189381
2008-11-30,1.271490329504013,3287.2089965820314,-7.18,-0.99,-3.63,0.03,4.404164863636364,1.9,528026.75,,2.3016403
2008-12-31,1.363242304843405,3192.169480096726,6.7,-1.47,1.21,0.0,4.08645,1.2,528026.75,,1.9238266666666666
2009-01-31,1.3289261622862383,3099.6795247395835,-10.99,4.92,-4.05,0.0,4.207679000000001,0.8,520064.67,,1.4225282857142858
2009-02-28,1.2805875360965728,2911.5440307617187,-9.96,4.55,-4.23,0.01,4.1142429047619045,1.0,520064.67,,1.0258628
2009-03-31,1.307115907018835,2725.3186257102275,6.94,-2.54,1.46,0.02,4.23590909090909,0.4,520064.67,,0.8564917272727274
2009-04-30,1.320347254926508,3007.2050048828123,13.67,1.81,6.66,0.01,4.205047619047619,0.1,511053.72,,0.7910598
2009-05-31,1.3671612228666032,3244.0079956054688,12.86,1.27,-1.24,0.0,4.360248190476191,-0.3,511053.72,,0.74943085
2009-06-30,1.4013225056908347,3242.8536265980115,-1.87,1.56,-1.19,0.01,4.338809523809523,-0.6,511053.72,,0.7700687272727272
2009-07-31,1.4080279288084612,3211.9800016983695,10.18,-3.92,3.78,0.01,4.280877043478261,-0.8,511258.62,,0.494837304347826
2009-08-31,1.4275401035944622,3539.8795340401784,5.65,1.85,7.53,0.01,4.18159119047619,-0.2,511258.62,,0.4521284761904762
2009-09-30,1.4567425413565203,3732.740001331676,5.43,1.68,1.13,0.01,4.221708956521739,-0.4,511258.62,,0.40382995454545456
2009-10-31,1.4821703000502153,3780.000909978693,-1.85,1.63,-3.28,0.0,4.240316304347826,-0.2,511592.27,,0.4636326818181818
2009-11-30,1.4928711823054723,3752.7309454055057,3.0,-2.04,-1.22,0.0,4.1990146500000005,0.5,511592.27,,0.46304623809523815
2009-12-31,1.457289431406104,3851.850907759233,0.94,-1.82,-1.24,0.01,4.187462619047619,1.0,511592.27,,0.3809387727272728
2010-01-31,1.4278579893566312,3925.2299926757814,-5.28,4.7,-1.87,0.0,3.9839784545454546,1.2,515997.92,,0.30811675
2010-02-28,1.3681625783443452,3687.0965087890627,-2.1,-0.71,-1.79,0.0,3.9416842105263155,1.4,515997.92,,0.3175598
2010-03-31,1.3576158388801243,3922.151271654212,6.41,-1.13,4.27,0.01,3.954714285714286,1.7,515997.92,,0.30027169565217393
2010-04-30,1.3429145704616199,3973.697473144531,-1.66,3.19,-0.29,0.01,3.9236363636363634,1.9,517346.16,,0.31886965
2010-05-31,1.2528915916170393,3561.7276553199404,-12.05,-0.2,-3.59,0.01,3.7623809523809526,1.9,517346.16,,0.25807985714285714
2010-06-30,1.2211845517158508,3557.9541015625,-0.98,0.11,-2.22,0.01,3.737612142857143,1.7,517346.16,,0.2339898181818182
2010-07-31,1.2801744775338606,3539.2963534268465,11.88,-2.04,4.59,0.01,3.6799375,1.9,520006.01,,0.4390495454545454
2010-08-31,1.291980418291959,3616.850008877841,-4.26,-0.11,-2.69,0.01,3.4343739130434785,1.6,520006.01,,0.43991636363636366
2010-09-30,1.3047663840380581,3723.548173384233,11.56,0.98,-0.26,0.01,3.4880277826086954,1.8,520006.01,,0.42774313636363637
2010-10-31,1.3875809283483596,3799.4295247395835,4.98,0.49,0.07,0.01,3.5031080952380953,1.8,523145.76,,0.6525728571428571
2010-11-30,1.3687883344563572,3818.3722589666195,-8.03,1.15,-3.42,0.01,3.6613051499999996,1.8,523145.76,,0.7020956818181818
2010-12-31,1.3203827868337217,3848.1485886346727,9.04,2.26,1.17,0.01,3.863958333333333,2.0,523145.76,,0.5385062173913043
2011-01-31,1.3353151310057867,3960.7147856212796,3.68,-0.43,5.47,0.01,3.9711818181818184,2.0,526301.28,,0.5118610952380953
2011-02-28,1.3659096658229828,4086.4025146484373,3.06,-1.15,0.7,0.01,4.0170575263157895,1.8,526301.28,,0.6589649
2011-03-31,1.399901410807734,3941.634765625,-0.17,2.17,-1.85,0.01,4.035272727272727,2.2,526301.28,,0.8016779999999999
2011-04-30,1.4438148793720065,4020.2810315583883,8.14,-1.12,-0.76,0.0,4.078737571428571,2.2,531925.92,,0.9341965789473685
2011-05-31,1.4344173019582576,3998.6418235085225,-3.06,0.16,-2.25,0.0,3.9654167619047618,2.2,531925.92,,1.0352595
2011-06-30,1.4399213249033147,3853.3209228515625,-2.05,-1.36,0.08,0.0,4.025403,2.3,531925.92,,1.1742218636363637
2011-07-31,1.4304210401716686,3817.9485909598216,-3.33,0.32,-4.05,0.0,3.9458146086956525,2.1,531743.37,,1.1483027142857143
2011-08-31,1.433423384376194,3201.850002122962,-10.1,0.76,-3.79,0.01,3.7622023636363635,2.4,531743.37,,0.7337015652173914
2011-09-30,1.3784172264012424,2983.1059237393465,-11.61,-1.08,-1.88,0.0,3.615022272727273,2.4,531743.37,,0.3919327727272728
2011-10-31,1.3696303481147403,3148.388602120536,10.97,-3.4,-1.23,0.0,3.918625095238095,2.5,534165.56,,0.3553602380952381
2011-11-30,1.3569988770918413,3033.0036288174715,-4.84,-2.55,-3.36,0.0,4.127643272727273,2.7,534165.56,,0.3179766363636363
2011-12-31,1.3169863711703906,3091.935721261161,-2.2,-0.98,-1.06,0.0,3.70455080952381,2.7,534165.56,,0.050909666666666666
2012-01-31,1.2901303063739429,3251.961402529762,5.68,2.75,1.06,0.0,3.6405789473684216,2.6,535515.11,,0.07356272727272727
2012-02-29,1.3227530434018089,3420.356666201637,6.41,1.52,-0.36,0.0,3.580090909090909,2.5,535515.11,,0.13683942857142858
2012-03-31,1.3215830759568648,3490.0141046697445,0.02,0.66,-1.41,0.0,3.5964221304347825,2.6,535515.11,,0.06482436363636364
2012-04-30,1.3166823330379667,3248.8084524054275,-2.23,1.37,-4.19,0.0,3.63444675,2.4,535161.95,,0.057259368421052635
2012-05-31,1.2820502260456914,3084.370450106534,-12.32,0.2,-2.58,0.01,3.386348,2.3,535161.95,,0.05641668181818182
2012-06-30,1.2541488806406658,3055.8894973028273,7.13,-4.62,3.13,0.0,3.4574782608695656,2.3,535161.95,,0.05095071428571429
2012-07-31,1.2304626432332126,3199.55361106179,0.56,-1.19,-2.58,0.0,3.197584619047619,2.2,534696.73,,0.0214735
2012-08-31,1.2393274099930474,3427.396526834239,4.5,-0.18,3.19,0.01,3.1333181818181823,2.4,534696.73,,0.02782986956521739
2012-09-30,1.285745507478714,3490.8565185546877,3.49,1.39,2.16,0.01,3.30080965,2.2,534696.73,,0.018371000000000002
2012-10-31,1.2963789183160532,3435.668265964674,1.66,-0.72,1.78,0.01,3.2343460000000004,2.1,536033.63,,0.015895
2012-11-30,1.2837232080372898,3461.476806640625,2.27,-2.48,-0.58,0.01,3.2133636363636366,1.6,536033.63,,0.024320636363636364
2012-12-31,1.3119702994823457,3630.006462545956,3.38,2.31,3.03,0.01,3.15276725,1.5,536033.63,,0.04866273684210526
2013-01-31,1.328366528386655,3733.9718128551135,6.2,0.39,4.33,0.0,3.17352655,1.4,535198.66,,0.044082636363636366
2013-02-28,1.336599451303482,3679.4405151367187,-2.49,2.05,-3.35,0.0,3.2257738000000002,1.2,535198.66,,0.0367465
2013-03-31,1.2959846485228765,3786.401989746094,-0.54,-0.46,-4.3,0.0,3.17306575,1.1,535198.66,,0.04211335
2013-04-30,1.3010101264173335,3735.096656436012,4.16,-1.66,3.67,0.0,3.063642272727273,0.8,535397.19,,0.034422857142857144
2013-05-31,1.2985253489535789,3968.7004838423295,1.05,1.07,2.82,0.0,3.0707469166666663,0.9,535397.19,,0.024840954545454545
2013-06-30,1.3192848145961762,3792.5339965820312,-4.64,2.3,-2.56,0.0,3.2517301000000005,1.0,535397.19,,0.03355165
2013-07-31,1.309124951777251,3876.5556852921195,7.45,-1.63,2.8,0.0,3.2372422857142857,1.2,539200.58,,0.019772347826086955
2013-08-31,1.3323001699014143,4046.3086492365055,-0.7,2.77,0.51,0.0,3.307260869565218,1.0,539200.58,,0.01764381818181818
2013-09-30,1.3348601999736966,4117.69048781622,7.05,0.18,1.38,0.0,3.37055,1.0,539200.58,,0.020565238095238095
2013-10-31,1.3640373945236206,4228.013905400815,4.49,-0.18,4.39,0.0,3.361,0.7,538695.72,,0.037569
2013-11-30,1.3495889731815882,4279.879999069941,1.33,0.87,-0.42,0.0,3.339434782608696,0.8,538695.72,0.016741904761904763,0.056704095238095234
2013-12-31,1.3696441758762707,4160.303015136718,2.37,0.54,-0.2,0.0,3.33150325,0.8,538695.72,0.01702681818181818,0.1186016
2014-01-31,1.3631804818692415,4248.403209339489,-3.03,3.57,2.58,0.0,3.094238095238095,0.8,542737.18,0.017005652173913043,0.11166840909090908
2014-02-28,1.365285736322403,4300.8375244140625,7.42,0.45,0.37,0.0,3.053315789473684,1.1,542737.18,0.015569,0.1193994
2014-03-31,1.3825661000751315,4338.051385788691,-0.54,0.33,1.72,0.0,2.9818260869565214,0.8,542737.18,0.01558952380952381,0.16918480952380954
2014-04-30,1.3806226036765359,4437.292041015625,1.77,-2.19,0.29,0.0,2.8805714285714283,0.8,542438.53,0.01576,0.15000995
2014-05-31,1.3745975548570806,4484.8427966889885,0.77,-0.68,-0.41,0.0,2.7892727272727273,0.8,542438.53,0.015134545454545454,0.12243038095238096
2014-06-30,1.3596893832797097,4522.008533296131,-0.12,0.12,-1.76,0.0,2.8234500000000002,0.6,542438.53,0.01482904761904762,0.05855961904761905
2014-07-31,1.3551025027814119,4362.04345703125,-4.1,-0.43,0.4,0.0,2.6956363636363636,0.6,542899.4,0.014989130434782609,0.04588630434782609
2014-08-31,1.3323321228935605,4249.599074590774,-0.02,-0.97,-1.01,0.0,2.461809523809524,0.5,542899.4,0.01349857142857143,0.025820380952380956
2014-09-30,1.2917163101109592,4425.323686079545,-3.79,-2.28,-0.44,0.0,2.56475,0.4,542899.4,0.013798636363636364,-0.022402045454545452
2014-10-31,1.2683892716532168,4129.809602156929,-2.7,-1.23,-3.09,0.0,2.50532,0.5,545948.03,0.01239391304347826,-0.023050782608695652
2014-11-30,1.24764044880867,4261.010986328125,2.12,-1.35,-1.82,0.0,2.4095714285714287,0.4,545948.03,0.0118745,-0.0200735
2014-12-31,1.2323475765145344,4262.194324311756,-3.7,2.22,-2.35,0.0,2.22755,0.1,545948.03,0.009774347826086957,-0.01738404761904762
2015-01-31,1.1659787622365085,4386.139997209822,-0.31,-1.56,-3.52,0.0,1.60975,-0.4,545511.53,0.008836363636363635,-0.07411195238095239
2015-02-28,1.1355303823947906,4768.503955078125,6.21,0.99,1.96,0.0,1.5826666666666664,-0.3,545511.53,0.010269,-0.1847834
2015-03-31,1.0845803510059009,5000.727783203125,-2.28,-0.51,-0.35,0.0,1.4048500000000002,0.0,545511.53,0.013061363636363637,-0.20272077272727274
2015-04-30,1.0796655904163013,5173.39755859375,4.79,2.18,0.33,0.0,1.3136363636363635,0.1,548407.54,0.013928636363636364,-0.2663815
2015-05-31,1.1165892566953386,5058.210498046875,-0.15,1.66,-2.47,0.0,1.7262380952380951,0.3,548407.54,0.013947142857142856,-0.27707685
2015-06-30,1.121451047333804,4927.926380504261,-2.84,2.03,0.15,0.0,2.00985,0.3,548407.54,0.014020454545454546,-0.253585
2015-07-31,1.0998873192331065,4956.229598335598,2.39,-0.81,-2.65,0.0,1.932608695652174,0.2,549238.16,0.012956521739130434,-0.2618522173913043
2015-08-31,1.1136188052949452,4887.132882254465,-6.02,3.7,-1.0,0.0,1.8883333333333334,0.1,549238.16,0.010608095238095238,-0.25318409523809526
2015-09-30,1.1235178329727866,4526.629549893466,-4.27,1.11,-3.63,0.0,1.8697727272727271,0.1,549238.16,0.010613181818181818,-0.2657736363636363
2015-10-31,1.1229816566814075,4715.629549893466,6.19,-2.97,-0.77,0.0,1.8010434782608695,0.2,550424.48,0.011398636363636363,-0.3206395454545455
2015-11-30,1.0749225275857108,4910.279575892857,-1.49,0.33,-2.8,0.0,1.79785,0.1,550424.48,0.01207904761904762,-0.36689466666666665
2015-12-31,1.0884909318841023,4667.023786272322,-1.86,3.77,-1.25,0.01,1.8522500000000002,0.3,550424.48,0.011210869565217392,-0.3971004
2016-01-31,1.086736031941005,4340.096020507813,-6.43,-0.76,-1.49,0.01,1.6252272727272727,0.3,551542.63,0.009431428571428572,-0.45295984999999994
2016-02-29,1.1099189633414859,4184.78619094122,-1.71,1.45,0.37,0.02,1.4776315789473684,-0.1,551542.63,0.007896666666666666,-0.4689413809523809
2016-03-31,1.1119846053745435,4427.463332403274,6.7,1.71,1.19,0.02,1.4219473684210526,-0.1,551542.63,0.008788260869565218,-0.48386709523809524
2016-04-30,1.133916043099903,4445.223353794643,2.38,-0.64,3.35,0.01,1.4585000000000001,-0.1,554967.68,0.009897142857142858,-0.5522343809523809
2016-05-31,1.1314025467092341,4373.49365234375,-0.38,1.53,-2.87,0.01,1.4076363636363636,0.1,554967.68,0.010090909090909091,-0.5541978636363637
2016-06-30,1.124357125975869,4295.9931529651985,-5.01,-2.39,-1.64,0.02,1.217090909090909,0.3,554967.68,0.010735909090909091,-0.5804941363636363
2016-07-31,1.1060816163108462,4317.636637369792,4.44,1.54,0.21,0.02,1.1067272727272728,0.4,552915.34,0.010234285714285715,-0.6584293333333333
2016-08-31,1.1206496435662974,4425.346106487772,0.78,1.61,1.93,0.02,1.1205652173913043,0.4,552915.34,0.010802173913043478,-0.6483828260869565
2016-09-30,1.1213137615810742,4448.589999112216,0.95,0.92,-0.15,0.02,1.1704545454545454,0.5,552915.34,0.011063636363636364,-0.6672479545454546
2016-10-31,1.1037062860670543,4497.570940290178,-3.08,-0.77,6.36,0.02,1.2433684210526315,0.5,554979.1,0.012163809523809525,-0.7810617142857142
2016-11-30,1.0804159966382114,4504.290460759943,-2.5,0.89,1.92,0.01,1.4851818181818182,0.7,554979.1,0.01279909090909091,-0.7911714545454545
2016-12-31,1.0542205463756213,4764.485700334822,4.72,-0.83,1.99,0.03,1.5231818181818182,0.8,554979.1,0.014027272727272727,-0.838555
2017-01-31,1.0621723911978982,4863.614102450284,2.84,2.03,0.47,0.04,1.8823999999999999,1.6,558379.58,0.01501090909090909,-0.7394653636363636
2017-02-28,1.0650880992412568,4846.6915283203125,0.68,-0.04,-2.6,0.04,1.9363,1.4,558379.58,0.015325,-0.78549
2017-03-31,1.0687780276588772,5008.347380264946,4.27,-1.3,0.5,0.03,1.9562916666666668,1.4,558379.58,0.014663913043478262,-0.8572410434782608
2017-04-30,1.0713409781455994,5134.547797309027,4.63,1.91,-1.3,0.05,1.822964705882353,1.4,561870.87,0.01383,-0.7870367222222222
2017-05-31,1.1041413752929023,5351.998623934659,5.03,0.02,-0.79,0.06,1.8207619047619046,0.9,561870.87,0.013743478260869565,-0.7395036363636364
2017-06-30,1.122866240414706,5263.791859019886,-0.67,1.55,2.03,0.06,1.7606666666666666,0.8,561870.87,0.012720454545454545,-0.7090473181818182
2017-07-31,1.1520630478858949,5174.991001674107,3.49,0.8,2.59,0.07,1.8510000000000002,0.8,566829.83,0.01346095238095238,-0.6879564761904762
2017-08-31,1.1817317423613176,5122.707370923913,0.11,-0.06,-0.71,0.09,1.7870454545454544,1.0,566829.83,0.013767391304347825,-0.7184652173913043
2017-09-30,1.1911359344209944,5208.76953125,2.72,-0.12,0.47,0.09,1.8423809523809522,1.1,566829.83,0.014062380952380953,-0.7620517142857143
2017-10-31,1.176206648349762,5389.832275390625,0.59,-0.96,-0.13,0.09,1.8315,1.2,571856.06,0.014599545454545454,-0.7685993181818183
2017-11-30,1.172959668295724,5397.97001509233,-0.01,-0.38,1.29,0.08,1.7310909090909092,1.2,571856.06,0.014618181818181818,-0.7782172727272727
2017-12-31,1.1831899824596586,5372.9837068256575,1.47,1.55,0.5,0.09,1.7239473684210527,1.2,571856.06,0.014967142857142856,-0.8313961578947368
2018-01-31,1.217702637548032,5482.949063387784,5.52,0.8,1.1,0.11,1.7417894736842106,1.5,575333.09,0.015156956521739129,-0.6346204090909091
2018-02-28,1.235610842704773,5257.805517578125,-5.35,1.22,-0.75,0.11,1.7481000000000002,1.3,575333.09,0.015208,-0.6357244
2018-03-31,1.2334206266836687,5200.619047619048,-0.71,-0.56,-0.94,0.12,1.6268095238095237,1.7,575333.09,0.014859545454545453,-0.6750441904761905
2018-04-30,1.2286932581946963,5345.319018554687,2.2,-0.74,1.51,0.14,1.6314499999999998,1.8,575257.54,0.015316666666666666,-0.6505631000000001
2018-05-31,1.1832774151926455,5537.627752130682,-2.73,1.23,-4.98,0.14,1.6760869565217391,2.3,575257.54,0.015295652173913044,-0.6169169545454545
2018-06-30,1.1675765684672765,5408.295712425595,-0.92,-0.84,-1.56,0.14,1.6503636363636363,2.3,575257.54,0.015225714285714283,-0.6211794285714285
2018-07-31,1.1687707413326611,5409.368141867898,2.69,-1.91,0.4,0.16,1.604142857142857,2.6,577922.25,0.01496409090909091,-0.6322901363636363
2018-08-31,1.1551749032476675,5438.329186480978,-2.65,0.88,-2.65,0.16,1.6266521739130433,2.6,577922.25,0.014721304347826087,-0.6251091304347827
2018-09-30,1.1660711944103241,5381.654028320312,0.12,-1.46,2.34,0.15,1.678904761904762,2.5,577922.25,0.014701,-0.6106
2018-10-31,1.1495495101679927,5170.143023947011,-8.54,-1.7,1.47,0.19,1.655095238095238,2.5,580516.37,0.014838695652173913,-0.6993934782608696
2018-11-30,1.1365526806224475,5035.077769886364,-1.31,-1.18,-0.57,0.18,1.6729545454545454,2.2,580516.37,0.013897272727272729,-0.6987196818181819
2018-12-31,1.1375411294755482,4798.2063630756575,-4.59,-0.68,0.95,0.19,1.6522,1.9,580516.37,0.012684285714285714,-0.7462888235294118
2019-01-31,1.1425329757773357,4822.667746803977,6.19,0.59,-0.95,0.21,1.4097142857142857,1.4,583570.56,0.011671739130434783,-0.5953468181818182
2019-02-28,1.1353972136974335,5118.163012695312,2.93,-1.47,-1.23,0.18,1.3142,1.6,583570.56,0.01136,-0.55565865
2019-03-31,1.1309846015203566,5315.305222284226,0.58,-1.76,-2.33,0.19,1.2792285714285714,1.3,583570.56,0.01177047619047619,-0.5675430952380952
2019-04-30,1.1234920783476396,5511.372485351562,3.7,0.1,-1.04,0.21,1.25945,1.5,587620.82,0.011868636363636364,-0.55815875
2019-05-31,1.1189111037687822,5360.824041193182,-5.34,1.32,-1.54,0.21,1.2242875,1.1,587620.82,0.010909565217391304,-0.5731688636363637
2019-06-30,1.1290019631385804,5420.2965087890625,5.87,-2.64,-1.32,0.18,1.00765,1.4,587620.82,0.009472999999999999,-0.5801964
2019-07-31,1.1226816488348919,5578.656058933424,-2.56,-1.28,0.09,0.19,0.9763333333333334,1.3,591545.99,0.009873478260869565,-0.6326990434782609
2019-08-31,1.1131632165475325,5351.889071377841,-2.4,-0.59,-1.96,0.16,0.7366818181818182,1.3,591545.99,0.009644545454545454,-0.7504313181818181
2019-09-30,1.1013769819622947,5607.483770461309,2.15,-0.89,3.08,0.18,0.75515,1.1,591545.99,0.009682857142857142,-0.7144189523809524
2019-10-31,1.1048393197681592,5623.61474609375,3.27,0.93,-0.5,0.15,0.8503636363636363,0.9,592140.76,0.009478260869565217,-0.6533341739130435
2019-11-30,1.1054706800551641,5892.759044828869,1.77,2.07,-2.24,0.12,0.923681818181818,1.2,592140.76,0.01009,-0.6176213333333334
2019-12-31,1.1109551245515996,5915.322998046875,4.07,2.79,0.41,0.14,0.94755,1.6,592140.76,0.010607391304347825,-0.6659668888888889
2020-01-31,1.1111802743828816,6001.138627485795,-2.55,0.36,-2.88,0.13,0.7361904761904763,1.7,589704.01,0.010957391304347827,-0.5908825909090909
2020-02-29,1.0910906732082366,5923.30849609375,-8.98,0.28,-0.74,0.12,0.5914761904761905,1.6,589704.01,0.01012,-0.62118645
2020-03-31,1.1073086207563227,4481.844105113636,-15.44,-4.22,-11.3,0.12,0.7027652173913043,0.8,589704.01,0.005757727272727273,-0.7209265454545455
2020-04-30,1.087575007568706,4425.190502929688,6.7,5.03,-3.82,0.0,0.6711428571428572,0.4,558549.99,0.006060454545454546,-0.587766
2020-05-31,1.0899938628787087,4492.473046875,5.43,1.21,-4.14,0.01,0.6688421052631579,0.4,558549.99,0.005687142857142857,-0.56115825
2020-06-30,1.1256523403254421,4958.298672762784,4.04,-1.2,1.74,0.01,0.6198904761904762,0.2,558549.99,0.0070027272727272724,-0.5596716818181818
2020-07-31,1.1454755067825317,4999.886485224185,3.99,2.69,-4.75,0.01,0.5748695652173913,0.9,484984.78,0.00983391304347826,-0.5839354347826087
2020-08-31,1.1827620154335385,4962.622907366072,4.95,2.91,-1.74,0.01,0.57405,0.2,484984.78,0.010832380952380953,-0.5809510952380952
2020-09-30,1.179660358212211,4937.401389382102,-2.97,0.85,-3.74,0.01,0.5018636363636364,0.0,484984.78,0.010251363636363637,-0.5977593181818182
2020-10-31,1.176976897499778,4843.978204900568,-4.72,1.21,-0.2,0.01,0.4414347826086957,0.1,570010.74,0.010092727272727274,-0.6780995454545454
2020-11-30,1.1829515525272913,5335.693359375,16.62,0.3,10.76,0.01,0.41868421052631577,0.2,570010.74,0.010585714285714285,-0.7005969047619048
2020-12-31,1.2162494555763577,5546.824928977273,5.67,4.66,-1.77,0.01,0.4328,0.0,570010.74,0.011544347826086956,-0.7448093499999999
2021-01-31,1.2177854095186507,5589.485009765625,-1.25,1.66,-0.29,0.0,0.5568095238095238,0.8,566157.69,0.012307142857142859,-0.62433565
2021-02-28,1.2098978757858276,5697.5184326171875,2.6,0.87,5.73,0.0,0.7372777777777778,0.8,566157.69,0.012784,-0.617563
2021-03-31,1.1914740697197292,5961.945206351902,3.18,-1.97,3.46,0.0,0.7831904761904761,1.4,566157.69,0.014083913043478261,-0.612221347826087
2021-04-30,1.1959596980701794,6220.076977539063,5.29,2.14,-3.19,0.0,0.8156363636363636,1.6,566400.11,0.015050909090909092,-0.63285945
2021-05-31,1.2140247992106847,6358.03955078125,4.52,-0.99,2.06,0.0,0.90485,1.8,566400.11,0.015357619047619049,-0.6286699047619048
2021-06-30,1.2059588649056174,6574.364568536932,-1.66,-1.49,-2.5,0.0,0.8787619047619047,1.9,566400.11,0.015100909090909092,-0.6440683181818182
2021-07-31,1.1824925162575461,6517.689985795455,2.09,0.6,-2.98,0.0,0.7734285714285715,1.5,571387.5,0.015123636363636365,-0.6542007727272727
2021-08-31,1.1770902872085571,6746.091819069602,1.45,1.83,-1.18,0.0,0.7312608695652173,2.4,571387.5,0.015685454545454544,-0.658161
2021-09-30,1.1777838360179553,6637.691384055398,-4.99,-0.6,4.3,0.0,0.8297391304347826,2.7,571387.5,0.01691,-0.6811770454545454
2021-10-31,1.1600631021317982,6651.88427734375,4.2,-1.62,-0.64,0.0,0.8583333333333333,3.2,588972.8,0.018772380952380954,-0.7170918571428571
2021-11-30,1.1417291489514438,7012.891823508523,-4.29,-0.92,-2.11,0.0,0.7948500000000001,3.4,588972.8,0.018385454545454545,-0.8419640454545455
2021-12-31,1.1307190449341484,6998.917820142663,5.16,-1.34,1.86,0.01,0.8020416666666667,3.4,588972.8,0.017926521739130435,-0.7897334545454545
2022-01-31,1.1325737578528268,7125.162411644345,-5.39,-3.22,12.09,0.0,1.422590909090909,3.3,591660.37,0.018122857142857145,-0.6880021428571429
2022-02-28,1.1339954912662507,6920.798999023437,-3.77,0.39,0.57,0.0,1.604736842105263,4.2,591660.37,0.018551,-0.6988983
2022-03-31,1.1024124985155852,6452.03224779212,-0.33,0.59,0.4,0.0,1.6206363636363639,5.1,591660.37,0.023116086956521738,-0.7177010869565217
2022-04-30,1.0827445018859136,6557.998458059211,-5.86,-1.34,2.64,0.0,1.8578,5.4,590908.12,0.026504761904761902,-0.652044
2022-05-31,1.0573223991827532,6341.941850142045,1.27,-1.57,5.23,0.03,2.0777142857142854,5.8,590908.12,0.0246,-0.48806659090909094
2022-06-30,1.057669547471133,6139.317693536932,-10.32,-1.05,-2.46,0.06,2.4863181818181816,6.5,590908.12,0.023392727272727273,-0.4070822272727273
2022-07-31,1.0195090543656122,6095.971447172619,5.26,0.62,-6.01,0.08,2.178521739130435,6.8,593423.06,0.02179904761904762,-0.2055767619047619
2022-08-31,1.0127989857093147,6435.908245584239,-6.68,-0.72,5.41,0.19,2.27,6.6,593423.06,0.023996521739130434,-0.023766
2022-09-30,0.9911662963303652,6017.379971590909,-9.84,-3.71,1.25,0.19,2.5448636363636363,6.2,593423.06,0.024061363636363634,0.35415440909090906
2022-10-31,0.9839704036712646,6030.415690104167,6.66,-0.95,2.44,0.23,2.6803809523809523,7.1,596445.89,0.024036190476190475,0.8236180476190476
2022-11-30,1.0185469416054813,6556.690895774148,12.64,-1.8,-1.15,0.29,2.4051363636363634,7.1,596445.89,0.024792272727272725,1.2909455454545453
2022-12-31,1.0582707036625256,6600.163853236607,-1.09,1.45,2.58,0.33,2.6684285714285716,6.7,596445.89,0.024248636363636365,1.607914619047619
2023-01-31,,,8.13,-1.57,1.14,0.35,3.0893157894736842,7.0,596238.56,0.023225909090909092,2.139121136363636
2023-02-28,,,-1.37,0.15,3.36,0.34,3.315,7.3,596238.56,0.024792,2.4888322
2023-03-31,,,2.04,-3.61,-6.14,0.36,3.2303333333333337,6.7,596238.56,0.025336086956521738,2.7235541304347826
2023-04-30,,,3.5,-1.02,1.14,0.35,3.383842105263158,6.9,596655.74,0.0255915,2.858297388888889
2023-05-31,,,-5.7,1.18,-1.23,0.36,3.4709499999999998,6.0,596655.74,0.025378260869565218,3.0009763181818183
2023-06-30,,,4.2,-2.38,2.41,0.4,3.3972272727272728,5.3,596655.74,0.02523681818181818,3.2652745454545453
2023-07-31,,,2.44,0.29,2.74,0.45,3.42345,5.1,600047.72,0.025346190476190477,3.4589915714285717
2023-08-31,,,-4.6,-0.59,1.66,0.45,3.5204761904761908,5.7,600047.72,0.025969565217391306,3.468141956521739
2023-09-30,,,-4.97,-1.75,3.54,0.43,3.644,5.7,600047.72,0.02605095238095238,3.5782902380952377
2023-10-31,,,,,,,3.7787142857142855,4.5,,0.025005909090909093,3.7621202727272727
2023-11-30,,,,,,,3.5591999999999997,,,0.02424,3.76167775
2023-12-31,,,,,,,3.4161428571428574,,,,
